{"type": "FeatureCollection", "features": [{"type": "Feature", "properties": {"adcode": 330100, "name": "杭州市", "center": [120.153576, 30.287459], "centroid": [119.476498, 29.898918], "childrenNum": 13, "level": "city", "parent": {"adcode": 330000}, "subFeatureIndex": 0, "acroutes": [100000, 330000]}, "geometry": {"type": "MultiPolygon", "coordinates": [[[[120.721941, 30.286334], [120.710868, 30.297542], [120.706045, 30.309444], [120.704126, 30.330791], [120.70388, 30.365867], [120.692955, 30.377965], [120.658998, 30.385607], [120.633899, 30.389449], [120.567856, 30.387855], [120.498761, 30.38904], [120.460227, 30.382665], [120.43882, 30.373388], [120.413771, 30.318319], [120.378091, 30.344937], [120.388524, 30.370118], [120.400926, 30.377025], [120.398318, 30.38479], [120.362835, 30.374695], [120.342953, 30.37163], [120.318642, 30.380621], [120.315689, 30.394311], [120.306388, 30.396232], [120.322038, 30.404731], [120.332963, 30.417314], [120.330749, 30.427282], [120.340345, 30.433899], [120.337245, 30.464324], [120.341379, 30.472286], [120.329174, 30.468407], [120.326123, 30.500414], [120.317707, 30.521596], [120.299892, 30.5198], [120.285817, 30.507802], [120.277451, 30.504822], [120.25191, 30.506536], [120.239262, 30.50523], [120.224597, 30.509761], [120.205404, 30.505843], [120.201762, 30.514413], [120.195659, 30.503598], [120.185079, 30.502618], [120.185915, 30.494618], [120.173809, 30.492046], [120.180551, 30.482534], [120.175039, 30.476818], [120.149793, 30.467509], [120.146004, 30.482697], [120.11121, 30.476206], [120.096742, 30.48678], [120.099252, 30.495801], [120.068297, 30.496618], [120.065836, 30.483595], [120.059488, 30.47343], [120.059242, 30.459016], [120.0681, 30.445948], [120.062145, 30.434634], [120.064754, 30.4301], [120.046102, 30.427445], [120.041525, 30.433368], [120.013818, 30.435614], [120.00368, 30.444273], [119.982962, 30.445294], [119.965048, 30.431571], [119.955895, 30.433654], [119.950728, 30.444232], [119.934979, 30.446764], [119.931436, 30.456443], [119.921544, 30.462528], [119.90934, 30.456321], [119.90304, 30.459424], [119.890048, 30.457056], [119.872578, 30.462487], [119.880796, 30.476206], [119.867115, 30.477757], [119.854123, 30.493964], [119.851121, 30.502006], [119.836013, 30.496577], [119.815884, 30.510659], [119.794182, 30.505638], [119.784044, 30.511026], [119.766376, 30.514087], [119.768936, 30.551341], [119.743246, 30.550158], [119.729073, 30.551749], [119.71175, 30.566516], [119.69241, 30.556155], [119.695018, 30.542325], [119.70486, 30.525963], [119.709191, 30.508822], [119.704713, 30.494577], [119.708896, 30.487964], [119.701711, 30.467999], [119.695362, 30.464488], [119.694919, 30.452727], [119.709191, 30.434062], [119.686012, 30.417559], [119.681091, 30.408735], [119.668099, 30.399501], [119.6555, 30.40518], [119.646691, 30.39378], [119.633256, 30.395292], [119.63739, 30.410369], [119.631829, 30.424667], [119.642951, 30.428507], [119.650579, 30.440352], [119.635569, 30.441782], [119.627941, 30.431775], [119.594968, 30.421644], [119.581779, 30.423646], [119.572823, 30.431326], [119.565933, 30.443375], [119.55176, 30.43978], [119.535273, 30.424055], [119.533452, 30.409429], [119.513127, 30.401666], [119.490391, 30.408203], [119.467015, 30.408122], [119.450234, 30.410818], [119.441031, 30.392472], [119.435716, 30.391492], [119.418147, 30.376085], [119.403038, 30.373347], [119.399987, 30.367788], [119.386159, 30.363905], [119.375627, 30.354789], [119.349446, 30.349148], [119.342654, 30.363169], [119.326562, 30.371753], [119.300676, 30.363701], [119.289455, 30.349639], [119.278136, 30.341585], [119.265046, 30.338069], [119.247132, 30.340808], [119.239997, 30.327029], [119.245902, 30.321631], [119.233747, 30.293411], [119.225479, 30.288789], [119.222624, 30.299628], [119.205695, 30.301551], [119.201069, 30.291039], [119.188225, 30.291652], [119.156729, 30.299547], [119.151266, 30.304577], [119.12853, 30.3047], [119.11101, 30.311285], [119.090242, 30.324003], [119.073411, 30.315865], [119.062978, 30.304945], [119.050823, 30.306745], [119.048313, 30.312675], [119.028775, 30.312593], [119.004464, 30.328951], [118.988027, 30.333489], [118.988126, 30.348698], [118.975724, 30.347145], [118.969031, 30.351356], [118.959385, 30.347267], [118.955399, 30.359204], [118.936452, 30.350824], [118.936354, 30.34506], [118.917899, 30.332467], [118.908401, 30.330872], [118.899789, 30.322572], [118.879857, 30.314884], [118.881826, 30.298524], [118.878086, 30.282734], [118.8897, 30.254258], [118.882417, 30.247465], [118.892554, 30.243249], [118.903184, 30.217913], [118.924986, 30.213861], [118.929858, 30.20338], [118.920655, 30.198999], [118.910812, 30.187493], [118.864405, 30.168983], [118.85284, 30.166566], [118.845704, 30.156122], [118.856383, 30.148216], [118.865733, 30.151493], [118.877348, 30.147396], [118.896787, 30.148093], [118.89595, 30.138793], [118.888125, 30.127239], [118.887239, 30.117446], [118.871639, 30.113021], [118.868883, 30.101464], [118.872918, 30.094619], [118.875478, 30.072033], [118.878824, 30.064653], [118.888125, 30.062357], [118.897328, 30.049646], [118.890586, 30.04128], [118.902594, 30.029059], [118.898017, 30.017246], [118.89034, 30.012037], [118.895015, 30.000386], [118.892062, 29.994806], [118.899493, 29.98143], [118.891521, 29.959885], [118.894867, 29.939197], [118.88468, 29.93891], [118.871983, 29.946873], [118.863913, 29.93698], [118.848263, 29.941249], [118.838716, 29.934476], [118.844916, 29.915261], [118.845507, 29.899082], [118.841324, 29.891319], [118.807712, 29.86766], [118.802593, 29.860676], [118.778725, 29.841899], [118.766963, 29.848925], [118.755595, 29.845432], [118.750969, 29.831625], [118.76593, 29.823077], [118.75781, 29.816747], [118.745999, 29.818186], [118.739946, 29.813295], [118.736501, 29.788465], [118.744325, 29.779626], [118.74905, 29.761121], [118.744719, 29.738788], [118.72464, 29.722621], [118.718686, 29.709167], [118.700821, 29.706452], [118.691668, 29.693942], [118.682908, 29.688345], [118.682367, 29.681061], [118.673902, 29.669083], [118.647327, 29.643394], [118.640929, 29.641912], [118.633498, 29.648788], [118.620014, 29.654099], [118.602051, 29.643683], [118.573902, 29.638371], [118.555053, 29.613416], [118.549886, 29.613416], [118.53522, 29.590638], [118.515486, 29.583305], [118.499689, 29.573623], [118.494915, 29.553721], [118.497868, 29.543995], [118.495899, 29.519553], [118.470407, 29.507473], [118.459826, 29.505577], [118.44895, 29.51341], [118.430594, 29.503721], [118.414994, 29.509741], [118.393045, 29.507308], [118.383005, 29.510153], [118.379806, 29.502567], [118.358694, 29.477083], [118.344964, 29.475681], [118.345751, 29.465123], [118.352543, 29.45279], [118.366371, 29.45015], [118.372917, 29.437815], [118.384137, 29.433276], [118.390289, 29.423951], [118.402051, 29.425189], [118.413173, 29.420568], [118.405397, 29.408147], [118.425771, 29.397623], [118.423655, 29.387345], [118.441224, 29.375911], [118.448754, 29.37525], [118.456234, 29.365879], [118.470112, 29.360098], [118.479167, 29.366539], [118.488813, 29.367241], [118.505742, 29.359273], [118.517504, 29.363484], [118.524344, 29.36142], [118.519079, 29.344366], [118.528577, 29.345275], [118.55151, 29.335694], [118.571687, 29.338337], [118.589059, 29.327888], [118.596047, 29.330821], [118.603823, 29.323552], [118.603478, 29.316447], [118.617209, 29.303146], [118.614404, 29.296577], [118.634138, 29.272984], [118.63276, 29.263149], [118.619177, 29.276786], [118.610614, 29.279472], [118.606677, 29.267116], [118.615437, 29.25075], [118.607612, 29.239713], [118.620112, 29.219291], [118.631825, 29.219622], [118.633646, 29.205605], [118.626855, 29.19568], [118.638321, 29.192165], [118.670162, 29.200518], [118.68463, 29.202545], [118.708843, 29.188774], [118.743735, 29.213668], [118.753036, 29.213875], [118.765438, 29.220614], [118.767259, 29.234133], [118.763912, 29.248311], [118.774985, 29.250998], [118.784778, 29.259099], [118.786402, 29.266744], [118.793637, 29.267943], [118.816865, 29.281703], [118.82656, 29.280298], [118.828775, 29.287446], [118.855743, 29.303311], [118.860664, 29.31496], [118.878332, 29.326567], [118.886354, 29.322354], [118.900428, 29.332638], [118.927053, 29.310375], [118.94408, 29.306286], [118.948017, 29.301122], [118.962092, 29.296164], [118.961895, 29.290215], [118.949641, 29.281744], [118.963322, 29.267653], [118.966816, 29.269348], [118.988224, 29.243558], [118.984828, 29.239465], [118.987141, 29.226071], [118.998903, 29.216355], [119.003234, 29.207714], [119.013076, 29.212386], [119.030596, 29.215074], [119.062929, 29.226278], [119.075675, 29.224004], [119.085222, 29.230578], [119.106384, 29.227518], [119.12351, 29.236737], [119.132565, 29.235456], [119.12912, 29.227063], [119.138126, 29.220242], [119.151758, 29.22789], [119.170459, 29.217596], [119.177693, 29.207259], [119.189504, 29.205191], [119.194918, 29.216314], [119.189504, 29.227105], [119.201709, 29.229379], [119.204465, 29.223549], [119.213668, 29.225203], [119.210272, 29.23066], [119.2148, 29.246947], [119.200922, 29.257487], [119.192211, 29.258479], [119.20038, 29.272158], [119.200282, 29.29038], [119.208156, 29.284389], [119.228727, 29.284182], [119.227103, 29.276827], [119.239308, 29.258933], [119.237782, 29.250708], [119.260912, 29.247815], [119.270656, 29.251659], [119.288077, 29.268852], [119.286011, 29.279348], [119.318294, 29.279885], [119.322625, 29.296164], [119.328629, 29.299263], [119.3242, 29.307979], [119.348806, 29.319504], [119.344278, 29.324378], [119.348462, 29.336231], [119.333058, 29.355061], [119.340145, 29.38235], [119.328629, 29.393413], [119.337093, 29.411159], [119.346395, 29.408724], [119.360223, 29.416276], [119.368294, 29.415699], [119.378137, 29.42981], [119.388521, 29.429728], [119.39354, 29.411242], [119.399938, 29.411242], [119.404761, 29.400677], [119.426759, 29.405547], [119.43232, 29.415162], [119.427793, 29.422177], [119.437143, 29.424116], [119.443147, 29.404556], [119.451365, 29.397292], [119.451858, 29.385611], [119.457566, 29.370379], [119.45481, 29.365259], [119.461454, 29.350932], [119.471493, 29.349033], [119.480204, 29.332968], [119.49231, 29.331069], [119.500037, 29.335735], [119.510421, 29.333464], [119.522724, 29.350024], [119.523905, 29.366003], [119.536061, 29.373145], [119.545411, 29.367365], [119.558551, 29.372154], [119.574594, 29.372773], [119.582075, 29.379131], [119.592901, 29.377686], [119.604565, 29.369636], [119.616277, 29.368273], [119.617606, 29.380369], [119.606238, 29.388088], [119.625529, 29.410499], [119.624939, 29.417762], [119.642508, 29.432946], [119.664408, 29.424075], [119.673413, 29.425024], [119.676317, 29.419206], [119.688916, 29.421764], [119.691179, 29.438763], [119.707272, 29.433235], [119.715835, 29.448995], [119.707124, 29.464215], [119.70678, 29.472382], [119.719575, 29.491146], [119.718837, 29.505288], [119.726908, 29.511555], [119.735422, 29.510936], [119.74492, 29.516419], [119.722626, 29.542759], [119.741081, 29.551908], [119.750678, 29.550713], [119.764211, 29.557347], [119.761652, 29.566536], [119.769182, 29.579556], [119.764949, 29.594675], [119.779319, 29.603984], [119.776514, 29.626841], [119.79118, 29.654963], [119.817607, 29.673076], [119.824448, 29.671841], [119.835422, 29.678138], [119.852499, 29.668877], [119.859536, 29.671347], [119.879271, 29.66793], [119.895708, 29.660644], [119.911702, 29.66649], [119.921249, 29.66402], [119.924792, 29.669906], [119.936161, 29.666531], [119.973119, 29.674804], [119.973464, 29.68995], [119.967411, 29.694889], [119.951269, 29.699292], [119.937735, 29.70748], [119.933454, 29.699415], [119.922529, 29.697769], [119.914655, 29.704682], [119.912489, 29.720399], [119.901367, 29.728627], [119.900481, 29.74467], [119.889064, 29.753102], [119.890343, 29.762931], [119.904369, 29.754582], [119.913572, 29.755857], [119.927204, 29.744423], [119.944576, 29.755528], [119.960275, 29.755158], [119.973119, 29.765809], [119.991968, 29.753143], [120.010915, 29.757214], [120.011505, 29.761491], [120.030059, 29.770538], [120.030059, 29.78275], [120.036604, 29.788548], [120.030059, 29.806307], [120.038425, 29.82283], [120.065639, 29.822049], [120.074252, 29.82731], [120.095807, 29.816583], [120.102746, 29.823981], [120.101122, 29.830269], [120.109931, 29.845967], [120.131289, 29.858827], [120.144773, 29.874109], [120.150285, 29.887582], [120.150039, 29.905036], [120.159587, 29.906227], [120.166329, 29.917273], [120.17627, 29.913578], [120.185079, 29.904502], [120.204813, 29.924048], [120.200433, 29.929467], [120.221004, 29.942235], [120.250729, 29.936693], [120.255207, 29.94363], [120.264754, 29.930986], [120.265296, 29.924499], [120.2744, 29.919531], [120.284144, 29.922159], [120.291034, 29.935666], [120.312048, 29.927702], [120.325188, 29.93854], [120.326073, 29.946216], [120.340493, 29.956068], [120.346447, 29.973797], [120.360473, 29.973674], [120.364312, 29.978516], [120.360473, 29.98857], [120.362835, 29.99776], [120.35693, 30.011708], [120.345808, 30.019707], [120.343593, 30.034924], [120.331831, 30.037918], [120.324941, 30.048621], [120.33818, 30.060881], [120.338623, 30.070229], [120.333701, 30.09548], [120.313327, 30.107078], [120.299302, 30.097365], [120.286851, 30.106791], [120.300286, 30.118348], [120.303731, 30.126666], [120.297825, 30.128182], [120.312245, 30.1374], [120.318002, 30.12601], [120.327993, 30.125191], [120.339607, 30.142112], [120.353386, 30.142194], [120.352008, 30.150674], [120.358751, 30.147847], [120.37317, 30.155507], [120.387835, 30.156163], [120.399007, 30.136335], [120.411359, 30.132607], [120.410867, 30.149527], [120.420956, 30.152763], [120.426074, 30.144283], [120.422875, 30.135884], [120.429617, 30.132443], [120.44694, 30.135434], [120.452304, 30.15137], [120.459243, 30.151165], [120.46131, 30.168041], [120.484096, 30.172218], [120.498072, 30.169187], [120.506143, 30.159767], [120.518495, 30.155384], [120.529371, 30.157514], [120.550927, 30.15563], [120.563427, 30.147929], [120.568348, 30.151329], [120.593496, 30.146782], [120.609145, 30.152845], [120.612787, 30.16628], [120.642708, 30.217258], [120.669037, 30.23314], [120.693939, 30.262032], [120.721941, 30.286334]]]]}}, {"type": "Feature", "properties": {"adcode": 330200, "name": "宁波市", "center": [121.549792, 29.868388], "centroid": [121.479174, 29.733017], "childrenNum": 10, "level": "city", "parent": {"adcode": 330000}, "subFeatureIndex": 1, "acroutes": [100000, 330000]}, "geometry": {"type": "MultiPolygon", "coordinates": [[[[120.86702, 30.271729], [120.893447, 30.228843], [120.916233, 30.188394], [120.92765, 30.165215], [120.931194, 30.146618], [120.939461, 30.125723], [120.930455, 30.115192], [120.93828, 30.113021], [120.950141, 30.091012], [120.959737, 30.094537], [120.96766, 30.089987], [120.973861, 30.078305], [120.969924, 30.07027], [120.98144, 30.067359], [120.986656, 30.054402], [120.992562, 30.050425], [120.986509, 30.044274], [120.990151, 30.027787], [121.018202, 30.010765], [121.039511, 30.013923], [121.034737, 30.003955], [121.038133, 29.998704], [121.05142, 30.006786], [121.064413, 30.006827], [121.075781, 30.001986], [121.082621, 29.991072], [121.091627, 29.987257], [121.085869, 29.972648], [121.07647, 29.970391], [121.066135, 29.960829], [121.045072, 29.955616], [121.042021, 29.933203], [121.0308, 29.918792], [121.031637, 29.911073], [121.023172, 29.897357], [121.016578, 29.894934], [121.031096, 29.874602], [121.060574, 29.854143], [121.063133, 29.859032], [121.077011, 29.849007], [121.085771, 29.849295], [121.10649, 29.836228], [121.096499, 29.815966], [121.104964, 29.805485], [121.096007, 29.797839], [121.092612, 29.788959], [121.08208, 29.778433], [121.055111, 29.760669], [121.045515, 29.76729], [121.033999, 29.76877], [121.024796, 29.763918], [121.03518, 29.746439], [121.014954, 29.741667], [121.010722, 29.73525], [121.019727, 29.723403], [121.035869, 29.72114], [121.034787, 29.715997], [121.009639, 29.709003], [121.006785, 29.698592], [121.01397, 29.693119], [121.010229, 29.68674], [120.992956, 29.685259], [120.992414, 29.675833], [121.017759, 29.669742], [121.038428, 29.675751], [121.054226, 29.68567], [121.058802, 29.683859], [121.068399, 29.66686], [121.074895, 29.66085], [121.074206, 29.637259], [121.08774, 29.628077], [121.101716, 29.626265], [121.113281, 29.613745], [121.110181, 29.607444], [121.117562, 29.605508], [121.105702, 29.585447], [121.115643, 29.586724], [121.120417, 29.575601], [121.113478, 29.56596], [121.112986, 29.554834], [121.130948, 29.554174], [121.140348, 29.543006], [121.155702, 29.54177], [121.169334, 29.537112], [121.183557, 29.538802], [121.20585, 29.536947], [121.213183, 29.530311], [121.225585, 29.532908], [121.231539, 29.51308], [121.216726, 29.496795], [121.228488, 29.490733], [121.219827, 29.477785], [121.216972, 29.452666], [121.224059, 29.449242], [121.217514, 29.439217], [121.209197, 29.436742], [121.218252, 29.421146], [121.215102, 29.417267], [121.226815, 29.414749], [121.231441, 29.393825], [121.226421, 29.384662], [121.230063, 29.362658], [121.213134, 29.353575], [121.20024, 29.342384], [121.193399, 29.341434], [121.194187, 29.322189], [121.190742, 29.312358], [121.201077, 29.312482], [121.196992, 29.303229], [121.180899, 29.292033], [121.175289, 29.278274], [121.179325, 29.258727], [121.166824, 29.258892], [121.158852, 29.244756], [121.174403, 29.223095], [121.164708, 29.2116], [121.173517, 29.20639], [121.202701, 29.203578], [121.225338, 29.203868], [121.233705, 29.196797], [121.232966, 29.186623], [121.238872, 29.175745], [121.251028, 29.163542], [121.253045, 29.157172], [121.264364, 29.1544], [121.257622, 29.149311], [121.258754, 29.129243], [121.256096, 29.114055], [121.270713, 29.11033], [121.271746, 29.101803], [121.295221, 29.092696], [121.298616, 29.114593], [121.308213, 29.11451], [121.316973, 29.105653], [121.323813, 29.117159], [121.336609, 29.121959], [121.348715, 29.135574], [121.345418, 29.145173], [121.361904, 29.173305], [121.356343, 29.186044], [121.366924, 29.189146], [121.378784, 29.199236], [121.385378, 29.196921], [121.403833, 29.17864], [121.401225, 29.160978], [121.407032, 29.156882], [121.431048, 29.159778], [121.450044, 29.159612], [121.470517, 29.147615], [121.484542, 29.142856], [121.508361, 29.140622], [121.529719, 29.136277], [121.53592, 29.139795], [121.555802, 29.168961], [121.564267, 29.173056], [121.60846, 29.169127], [121.648814, 29.150924], [121.715596, 29.12498], [121.749947, 29.136691], [121.768008, 29.166686], [121.769386, 29.148277], [121.780557, 29.109626], [121.794238, 29.105197], [121.811167, 29.109916], [121.827014, 29.101845], [121.842368, 29.08835], [121.860036, 29.086404], [121.884494, 29.105446], [121.898077, 29.103956], [121.909642, 29.085866], [121.899406, 29.076426], [121.903835, 29.069056], [121.931591, 29.070713], [121.935085, 29.05183], [121.951621, 29.04744], [121.966138, 29.052866], [121.969829, 29.075888], [121.984396, 29.086942], [121.983314, 29.091454], [121.968747, 29.093028], [121.983363, 29.101224], [121.98853, 29.110992], [121.985381, 29.137601], [121.979278, 29.144842], [121.988284, 29.149269], [121.98666, 29.154855], [121.96043, 29.170575], [121.949111, 29.183314], [121.9373, 29.182859], [121.948619, 29.19324], [121.971896, 29.193364], [121.977457, 29.224087], [121.968008, 29.243888], [121.968304, 29.250006], [121.990991, 29.260793], [122.001965, 29.26009], [121.99852, 29.266124], [122.000243, 29.278811], [121.981099, 29.2841], [121.967566, 29.281414], [121.944829, 29.284182], [121.940892, 29.298271], [121.946552, 29.316695], [121.958363, 29.334373], [121.952064, 29.344119], [121.935971, 29.348124], [121.932231, 29.353451], [121.938579, 29.369512], [121.937693, 29.384125], [121.945814, 29.395311], [121.959642, 29.407156], [121.975538, 29.411159], [121.981493, 29.429934], [121.991729, 29.445942], [121.992074, 29.461411], [121.973127, 29.477991], [121.96668, 29.506566], [121.968993, 29.515595], [121.986414, 29.541193], [121.995076, 29.545108], [121.985774, 29.563776], [121.987201, 29.570616], [122.000292, 29.58244], [121.999751, 29.593686], [121.985381, 29.606291], [121.966089, 29.635859], [121.937595, 29.642571], [121.923422, 29.65167], [121.909593, 29.650105], [121.893845, 29.636559], [121.872486, 29.632483], [121.858953, 29.636601], [121.833559, 29.653111], [121.863234, 29.67925], [121.906443, 29.719247], [121.925538, 29.741256], [121.937595, 29.748536], [121.959199, 29.750017], [122.003146, 29.762273], [122.015991, 29.771936], [122.037595, 29.813747], [122.04857, 29.826036], [122.08479, 29.844528], [122.102212, 29.859649], [122.135922, 29.872261], [122.143058, 29.877724], [122.140155, 29.901751], [122.11673, 29.909964], [122.096257, 29.905036], [122.080115, 29.892634], [122.00979, 29.891114], [122.003442, 29.898999], [122.0029, 29.923186], [121.994534, 29.934599], [121.984396, 29.937637], [121.981739, 29.947037], [121.968008, 29.956519], [121.9529, 29.950732], [121.927113, 29.931151], [121.919534, 29.920804], [121.901817, 29.923678], [121.859986, 29.944], [121.835183, 29.957956], [121.814366, 29.974331], [121.784051, 29.993493], [121.771453, 29.99497], [121.724996, 29.992221], [121.69975, 30.008016], [121.667466, 30.048867], [121.653096, 30.071131], [121.63533, 30.069819], [121.626029, 30.07769], [121.619927, 30.088512], [121.61471, 30.108308], [121.591678, 30.143546], [121.561462, 30.184176], [121.527554, 30.224913], [121.49778, 30.258595], [121.476274, 30.279421], [121.452701, 30.298565], [121.395073, 30.338437], [121.371894, 30.370894], [121.328046, 30.397131], [121.278784, 30.405057], [121.225486, 30.404649], [121.183212, 30.434348], [121.119236, 30.48976], [121.099501, 30.443661], [121.086952, 30.397131], [121.06018, 30.376371], [121.040102, 30.352868], [121.032572, 30.337006], [121.01392, 30.323635], [120.99517, 30.319914], [120.954373, 30.306418], [120.916036, 30.285762], [120.86702, 30.271729]]], [[[122.026375, 29.178351], [122.013383, 29.151504], [122.027605, 29.155806], [122.037645, 29.151959], [122.039859, 29.163253], [122.056739, 29.158454], [122.06791, 29.165611], [122.074505, 29.178144], [122.063235, 29.174008], [122.049013, 29.175083], [122.044534, 29.1841], [122.057576, 29.188939], [122.050095, 29.193488], [122.056198, 29.200518], [122.036217, 29.207383], [122.031247, 29.196342], [122.037005, 29.190552], [122.029771, 29.187367], [122.040843, 29.17955], [122.026375, 29.178351]]], [[[122.231297, 28.859829], [122.238679, 28.853315], [122.243797, 28.861322], [122.231297, 28.859829]]], [[[122.181936, 29.407693], [122.190204, 29.415905], [122.205362, 29.418092], [122.207921, 29.429645], [122.223866, 29.428366], [122.22485, 29.438392], [122.21112, 29.44095], [122.199358, 29.436247], [122.197242, 29.425478], [122.187497, 29.421806], [122.179771, 29.424694], [122.181936, 29.407693]]], [[[121.790892, 29.082264], [121.791089, 29.074232], [121.808559, 29.059243], [121.817319, 29.063052], [121.82352, 29.051043], [121.832329, 29.050381], [121.838628, 29.057752], [121.840941, 29.081519], [121.831591, 29.095015], [121.820272, 29.099402], [121.793795, 29.099444], [121.788677, 29.094601], [121.790892, 29.082264]]], [[[122.184299, 29.460627], [122.183216, 29.455595], [122.194141, 29.45345], [122.19483, 29.465453], [122.184299, 29.460627]]], [[[122.026473, 29.621859], [122.022389, 29.620211], [122.025686, 29.604314], [122.037645, 29.613457], [122.033855, 29.624741], [122.026473, 29.621859]]], [[[122.258807, 28.886586], [122.267321, 28.880364], [122.267025, 28.886835], [122.258807, 28.886586]]], [[[121.983461, 29.227808], [121.991089, 29.221441], [122.001818, 29.221441], [121.993451, 29.227808], [121.983461, 29.227808]]], [[[121.980705, 29.472671], [121.990843, 29.467845], [121.987792, 29.474898], [121.980705, 29.472671]]], [[[121.976178, 29.501124], [121.983806, 29.497042], [121.984741, 29.503886], [122.004574, 29.500299], [122.004967, 29.503763], [121.989908, 29.510071], [121.976178, 29.501124]]], [[[121.952064, 29.187616], [121.951719, 29.183107], [121.971404, 29.163294], [121.983511, 29.165404], [121.981788, 29.175911], [121.971601, 29.185093], [121.975636, 29.192123], [121.952064, 29.187616]]], [[[121.930459, 29.036051], [121.940991, 29.03369], [121.954524, 29.043961], [121.948766, 29.047233], [121.931, 29.041394], [121.930459, 29.036051]]], [[[122.006641, 29.234877], [122.00103, 29.227394], [122.008609, 29.222971], [122.013826, 29.23281], [122.006641, 29.234877]]], [[[122.001621, 29.410416], [122.003835, 29.405051], [122.016286, 29.404185], [122.018944, 29.409674], [122.001621, 29.410416]]], [[[121.981444, 29.332638], [121.978688, 29.340485], [121.985135, 29.348454], [121.970223, 29.340856], [121.981444, 29.332638]]], [[[122.178295, 29.406001], [122.173866, 29.399769], [122.184348, 29.399604], [122.178295, 29.406001]]], [[[122.009987, 29.902654], [122.02165, 29.901546], [122.02416, 29.909594], [122.011513, 29.917027], [122.005312, 29.913044], [122.009987, 29.902654]]], [[[122.006247, 29.899574], [122.014367, 29.892634], [122.017221, 29.900806], [122.006247, 29.899574]]]]}}, {"type": "Feature", "properties": {"adcode": 330300, "name": "温州市", "center": [120.672111, 28.000575], "centroid": [120.463912, 27.894726], "childrenNum": 12, "level": "city", "parent": {"adcode": 330000}, "subFeatureIndex": 2, "acroutes": [100000, 330000]}, "geometry": {"type": "MultiPolygon", "coordinates": [[[[121.108409, 28.139011], [121.123271, 28.148117], [121.136805, 28.168583], [121.146401, 28.236133], [121.147385, 28.263132], [121.155358, 28.274064], [121.173911, 28.277485], [121.205949, 28.318654], [121.21589, 28.351512], [121.204866, 28.368437], [121.222041, 28.372897], [121.227553, 28.384818], [121.246155, 28.385776], [121.251274, 28.405279], [121.25772, 28.408113], [121.236165, 28.422696], [121.222829, 28.422029], [121.226815, 28.435569], [121.214413, 28.43836], [121.206096, 28.455979], [121.209098, 28.458853], [121.19463, 28.467099], [121.195171, 28.473012], [121.180949, 28.478343], [121.16958, 28.505905], [121.156736, 28.520475], [121.145565, 28.523929], [121.129866, 28.521723], [121.121352, 28.532503], [121.104816, 28.537289], [121.088182, 28.51727], [121.085131, 28.500993], [121.078734, 28.495331], [121.076864, 28.484089], [121.070417, 28.480341], [121.049895, 28.478259], [121.036115, 28.481715], [121.025436, 28.472763], [121.01771, 28.478592], [121.002946, 28.478717], [120.99517, 28.473346], [120.98705, 28.481715], [120.965593, 28.482965], [120.95767, 28.494831], [120.962198, 28.509027], [120.954471, 28.509027], [120.954028, 28.498911], [120.944776, 28.503449], [120.92765, 28.505031], [120.914412, 28.495997], [120.91082, 28.48921], [120.894481, 28.485546], [120.86953, 28.491167], [120.854323, 28.515313], [120.845071, 28.514189], [120.83267, 28.524595], [120.843054, 28.542034], [120.829225, 28.555558], [120.825829, 28.566335], [120.802601, 28.572201], [120.798221, 28.576528], [120.798713, 28.588758], [120.793644, 28.583766], [120.782916, 28.590547], [120.758703, 28.591586], [120.757817, 28.604314], [120.743496, 28.611592], [120.729372, 28.603773], [120.709096, 28.611509], [120.70201, 28.606352], [120.701026, 28.592751], [120.687344, 28.582476], [120.669234, 28.579606], [120.653043, 28.585014], [120.63946, 28.577443], [120.649647, 28.563006], [120.640002, 28.557847], [120.631291, 28.564005], [120.621202, 28.55639], [120.627157, 28.547402], [120.624303, 28.533377], [120.598811, 28.53396], [120.583358, 28.530797], [120.572236, 28.537498], [120.567856, 28.531879], [120.554716, 28.535958], [120.549204, 28.533585], [120.541232, 28.543365], [120.528781, 28.548359], [120.524056, 28.55535], [120.501566, 28.56001], [120.493495, 28.577776], [120.471891, 28.586928], [120.446349, 28.584307], [120.441871, 28.573324], [120.4307, 28.568165], [120.434145, 28.553727], [120.430503, 28.534293], [120.422727, 28.533627], [120.422186, 28.522223], [120.414952, 28.512358], [120.414952, 28.496871], [120.419135, 28.491875], [120.405995, 28.480425], [120.398957, 28.465017], [120.387786, 28.479467], [120.384341, 28.458894], [120.372137, 28.446982], [120.381044, 28.436277], [120.381684, 28.42557], [120.374302, 28.410821], [120.366723, 28.424279], [120.34379, 28.431903], [120.33818, 28.427112], [120.338819, 28.412363], [120.331684, 28.407571], [120.337638, 28.395528], [120.344725, 28.392444], [120.33503, 28.384484], [120.334686, 28.371355], [120.353485, 28.367228], [120.359883, 28.359391], [120.360768, 28.3453], [120.346595, 28.335126], [120.357914, 28.32883], [120.369971, 28.331332], [120.377698, 28.31757], [120.394971, 28.315485], [120.402796, 28.305976], [120.414164, 28.302931], [120.417019, 28.288832], [120.426418, 28.268056], [120.421448, 28.253827], [120.433505, 28.246984], [120.438426, 28.234463], [120.415788, 28.213927], [120.41195, 28.199482], [120.425188, 28.196351], [120.431044, 28.186915], [120.422087, 28.182823], [120.413672, 28.172633], [120.421546, 28.160188], [120.385916, 28.147365], [120.38567, 28.14206], [120.408013, 28.131617], [120.405601, 28.124222], [120.411851, 28.11457], [120.390542, 28.094303], [120.383652, 28.09539], [120.368446, 28.088912], [120.362294, 28.080093], [120.37381, 28.066174], [120.372432, 28.054929], [120.357176, 28.050581], [120.350286, 28.052588], [120.344922, 28.040003], [120.34881, 28.034902], [120.348711, 28.021018], [120.344479, 28.019011], [120.335522, 27.990444], [120.349154, 27.987683], [120.336064, 27.970697], [120.328928, 27.966681], [120.324646, 27.978981], [120.295168, 27.977057], [120.276516, 27.959609], [120.265591, 27.95714], [120.257471, 27.96735], [120.248957, 27.964003], [120.24561, 27.943415], [120.241575, 27.934961], [120.229961, 27.931361], [120.218691, 27.93563], [120.202057, 27.935965], [120.187835, 27.948562], [120.178337, 27.952956], [120.174842, 27.960404], [120.176713, 27.972203], [120.171939, 27.978563], [120.145758, 27.979692], [120.143888, 27.976596], [120.11746, 27.982621], [120.096889, 27.980613], [120.084389, 27.967099], [120.074301, 27.972287], [120.064311, 27.961241], [120.063572, 27.951073], [120.043001, 27.951115], [120.031781, 27.941322], [120.020511, 27.939606], [120.009389, 27.947892], [120.001269, 27.941029], [119.966919, 27.937597], [119.962145, 27.950236], [119.968739, 27.962496], [119.96244, 27.97622], [119.928631, 27.968814], [119.90683, 27.954253], [119.892115, 27.951366], [119.875235, 27.974128], [119.86554, 27.966388], [119.865688, 27.950864], [119.861997, 27.949525], [119.854861, 27.961911], [119.833601, 27.956178], [119.831436, 27.951617], [119.85117, 27.932198], [119.843099, 27.92705], [119.83306, 27.911353], [119.825284, 27.911771], [119.815146, 27.92073], [119.804713, 27.922111], [119.786455, 27.909302], [119.791032, 27.898584], [119.800186, 27.890545], [119.790097, 27.867095], [119.785077, 27.861651], [119.788965, 27.85319], [119.785766, 27.833503], [119.793886, 27.826381], [119.785766, 27.822485], [119.787882, 27.808993], [119.785077, 27.795793], [119.773069, 27.794075], [119.768148, 27.805306], [119.756189, 27.795625], [119.734831, 27.766622], [119.725874, 27.767712], [119.719427, 27.76046], [119.696986, 27.753626], [119.680205, 27.744193], [119.678581, 27.734005], [119.665982, 27.721886], [119.650726, 27.717147], [119.650923, 27.695547], [119.65614, 27.69345], [119.646937, 27.685732], [119.643, 27.673188], [119.635569, 27.668405], [119.644033, 27.663496], [119.639654, 27.652671], [119.647528, 27.640543], [119.64113, 27.625392], [119.626465, 27.620481], [119.630894, 27.582698], [119.645461, 27.578205], [119.675038, 27.574383], [119.672036, 27.556409], [119.668837, 27.556493], [119.659339, 27.539693], [119.670559, 27.536584], [119.690589, 27.537256], [119.689506, 27.534064], [119.708551, 27.514276], [119.702892, 27.500285], [119.709634, 27.496797], [119.710717, 27.482508], [119.706681, 27.470656], [119.709929, 27.46246], [119.704024, 27.458508], [119.703433, 27.447284], [119.693886, 27.438665], [119.685471, 27.438413], [119.689506, 27.430845], [119.704713, 27.424706], [119.704319, 27.416927], [119.71303, 27.402838], [119.724349, 27.401703], [119.733847, 27.388706], [119.739555, 27.386813], [119.740294, 27.375708], [119.750481, 27.373226], [119.740491, 27.362203], [119.74743, 27.359973], [119.751022, 27.350086], [119.769132, 27.345415], [119.768394, 27.335736], [119.781485, 27.330476], [119.784979, 27.323574], [119.777991, 27.320164], [119.769772, 27.324373], [119.77056, 27.305685], [119.790491, 27.302612], [119.795756, 27.310441], [119.819526, 27.296045], [119.822331, 27.301433], [119.840146, 27.298908], [119.844822, 27.306653], [119.835077, 27.312967], [119.8462, 27.324037], [119.856731, 27.314819], [119.871298, 27.315408], [119.865589, 27.306232], [119.887637, 27.313304], [119.899054, 27.311494], [119.903286, 27.317597], [119.933503, 27.316545], [119.944035, 27.314146], [119.937932, 27.3346], [119.960176, 27.351853], [119.964015, 27.360478], [119.960275, 27.366116], [119.988326, 27.371375], [119.994232, 27.379199], [120.005206, 27.376675], [120.009586, 27.363928], [120.015984, 27.36477], [120.026614, 27.350801], [120.027549, 27.342259], [120.052303, 27.338682], [120.077007, 27.369187], [120.09684, 27.37962], [120.09625, 27.390347], [120.107175, 27.395562], [120.121594, 27.397413], [120.128878, 27.391608], [120.137195, 27.402334], [120.131437, 27.416716], [120.141821, 27.422183], [120.163376, 27.424874], [120.176909, 27.419954], [120.202402, 27.428364], [120.213228, 27.420291], [120.221595, 27.420291], [120.24689, 27.434587], [120.249006, 27.439885], [120.262441, 27.432905], [120.26377, 27.41802], [120.258209, 27.412679], [120.273366, 27.389421], [120.289508, 27.395941], [120.302697, 27.392197], [120.315148, 27.393165], [120.315985, 27.406708], [120.319823, 27.399684], [120.331733, 27.396025], [120.340739, 27.399642], [120.351566, 27.383574], [120.343249, 27.366242], [120.355257, 27.353873], [120.351467, 27.346761], [120.358357, 27.337546], [120.374794, 27.329255], [120.383406, 27.312714], [120.401369, 27.298571], [120.4088, 27.276636], [120.43006, 27.258866], [120.422383, 27.250822], [120.415395, 27.256381], [120.401763, 27.250864], [120.398515, 27.242483], [120.413918, 27.230942], [120.400926, 27.211564], [120.404371, 27.20398], [120.42568, 27.183333], [120.426172, 27.173472], [120.43759, 27.161039], [120.445267, 27.16087], [120.461655, 27.142576], [120.467757, 27.143166], [120.492462, 27.136168], [120.522285, 27.142154], [120.545956, 27.156824], [120.55324, 27.17343], [120.556143, 27.204065], [120.564116, 27.220243], [120.571497, 27.228204], [120.576173, 27.241135], [120.554765, 27.252044], [120.552944, 27.257771], [120.563427, 27.277941], [120.574057, 27.286699], [120.57573, 27.293645], [120.571645, 27.309978], [120.580307, 27.321385], [120.612246, 27.336915], [120.657079, 27.352316], [120.670071, 27.362834], [120.675041, 27.382312], [120.673614, 27.419954], [120.676813, 27.431055], [120.699648, 27.465654], [120.702797, 27.478726], [120.686311, 27.4923], [120.678191, 27.516419], [120.662295, 27.519612], [120.642807, 27.556577], [120.637049, 27.561449], [120.634884, 27.577281], [120.652059, 27.586854], [120.674992, 27.609105], [120.685376, 27.622999], [120.700681, 27.669412], [120.708949, 27.682585], [120.739658, 27.702175], [120.761114, 27.717692], [120.771646, 27.734466], [120.777699, 27.774712], [120.798713, 27.762137], [120.809638, 27.77555], [120.840642, 27.758741], [120.883703, 27.820934], [120.910869, 27.864708], [120.941774, 27.896784], [120.951469, 27.895905], [120.974255, 27.887196], [121.012149, 27.846237], [121.020072, 27.835891], [121.027798, 27.832623], [121.069875, 27.834215], [121.089856, 27.817541], [121.107671, 27.813686], [121.133015, 27.813183], [121.152504, 27.815362], [121.13144, 27.797595], [121.13149, 27.788836], [121.143842, 27.791728], [121.15772, 27.813895], [121.167169, 27.811675], [121.184344, 27.814105], [121.196647, 27.833964], [121.200535, 27.855159], [121.19586, 27.869817], [121.185181, 27.874801], [121.166775, 27.876895], [121.160378, 27.884641], [121.16274, 27.902519], [121.157917, 27.910306], [121.137395, 27.908841], [121.116726, 27.899798], [121.099452, 27.895067], [121.075584, 27.894439], [121.055899, 27.900133], [120.991824, 27.949734], [121.015249, 27.981617], [121.02455, 28.003745], [121.030948, 28.033647], [121.039413, 28.055849], [121.059098, 28.096351], [121.07086, 28.110517], [121.0902, 28.127146], [121.108409, 28.139011]]], [[[120.971745, 27.649859], [120.974747, 27.645033], [120.986509, 27.655104], [120.988281, 27.662783], [120.97957, 27.670419], [120.967759, 27.658042], [120.971745, 27.649859]]], [[[121.199945, 27.62493], [121.191677, 27.62195], [121.198321, 27.614646], [121.209, 27.61855], [121.220811, 27.630303], [121.213577, 27.633324], [121.199945, 27.62493]]], [[[121.113133, 27.918344], [121.108163, 27.910934], [121.113379, 27.904403], [121.123911, 27.911353], [121.123812, 27.921274], [121.113133, 27.918344]]], [[[121.131047, 27.762472], [121.133114, 27.753123], [121.144383, 27.758531], [121.139118, 27.765155], [121.131047, 27.762472]]], [[[121.131047, 27.770143], [121.136952, 27.766999], [121.149846, 27.772029], [121.138281, 27.776682], [121.131047, 27.770143]]], [[[121.107277, 27.444005], [121.105407, 27.454893], [121.089364, 27.462628], [121.084147, 27.472379], [121.066234, 27.478222], [121.070515, 27.471161], [121.055013, 27.473893], [121.058852, 27.463847], [121.050043, 27.464688], [121.047976, 27.458046], [121.066283, 27.444972], [121.071942, 27.444972], [121.063379, 27.458298], [121.066381, 27.461325], [121.086066, 27.452413], [121.09399, 27.453001], [121.107277, 27.444005]]], [[[120.903388, 27.69387], [120.911951, 27.689171], [120.912099, 27.699238], [120.903388, 27.69387]]], [[[121.217415, 27.613681], [121.224945, 27.607048], [121.228685, 27.616409], [121.217415, 27.613681]]], [[[121.083655, 27.791896], [121.073566, 27.778023], [121.090545, 27.776221], [121.096893, 27.783053], [121.091037, 27.793237], [121.083655, 27.791896]]], [[[121.145761, 27.760669], [121.146696, 27.754171], [121.155013, 27.756645], [121.145761, 27.760669]]], [[[120.826223, 27.686193], [120.832473, 27.67688], [120.842758, 27.675537], [120.833113, 27.687368], [120.826223, 27.686193]]], [[[121.224108, 27.817876], [121.225043, 27.824496], [121.213281, 27.820096], [121.224108, 27.817876]]], [[[120.824943, 27.646208], [120.821991, 27.634835], [120.8339, 27.649985], [120.824943, 27.646208]]], [[[121.204325, 27.609735], [121.210033, 27.608476], [121.216923, 27.618928], [121.208951, 27.618172], [121.204325, 27.609735]]], [[[121.098173, 27.937514], [121.125978, 27.944126], [121.147385, 27.953374], [121.152946, 27.961576], [121.134049, 27.980529], [121.120663, 27.986637], [121.094334, 27.984127], [121.076027, 27.986344], [121.040544, 27.964296], [121.03833, 27.948939], [121.049993, 27.94128], [121.063527, 27.947809], [121.080259, 27.947181], [121.098173, 27.937514]]], [[[120.896548, 27.711444], [120.887394, 27.704523], [120.899451, 27.706033], [120.896548, 27.711444]]], [[[121.18587, 27.962957], [121.206195, 27.976889], [121.237543, 27.988143], [121.24025, 27.993748], [121.220122, 27.991489], [121.194974, 28.000148], [121.177356, 27.990527], [121.171352, 27.978605], [121.18587, 27.962957]]], [[[121.04394, 27.979316], [121.075436, 27.990025], [121.08961, 27.998684], [121.089068, 28.004916], [121.074108, 28.007426], [121.043251, 27.993372], [121.04394, 27.979316]]], [[[121.079029, 27.428743], [121.090397, 27.424538], [121.088084, 27.431602], [121.076962, 27.434125], [121.079029, 27.428743]]], [[[121.112986, 27.473136], [121.106539, 27.473178], [121.112346, 27.463511], [121.12337, 27.466327], [121.112986, 27.473136]]], [[[121.09458, 27.494023], [121.085673, 27.4923], [121.09458, 27.486333], [121.09458, 27.494023]]]]}}, {"type": "Feature", "properties": {"adcode": 330400, "name": "嘉兴市", "center": [120.750865, 30.762653], "centroid": [120.783487, 30.620063], "childrenNum": 7, "level": "city", "parent": {"adcode": 330000}, "subFeatureIndex": 3, "acroutes": [100000, 330000]}, "geometry": {"type": "MultiPolygon", "coordinates": [[[[120.721941, 30.286334], [120.739904, 30.276639], [120.789362, 30.263137], [120.825288, 30.262687], [120.86702, 30.271729], [120.916036, 30.285762], [120.954373, 30.306418], [120.99517, 30.319914], [121.01392, 30.323635], [121.032572, 30.337006], [121.040102, 30.352868], [121.06018, 30.376371], [121.086952, 30.397131], [121.099501, 30.443661], [121.119236, 30.48976], [121.093153, 30.515842], [121.071598, 30.542692], [121.058359, 30.564028], [121.085377, 30.575204], [121.11648, 30.585482], [121.149206, 30.60004], [121.15088, 30.611783], [121.172632, 30.625807], [121.188872, 30.633063], [121.221008, 30.63987], [121.231687, 30.644109], [121.244974, 30.654787], [121.257031, 30.673653], [121.27465, 30.677402], [121.270663, 30.70156], [121.265841, 30.709502], [121.272041, 30.723268], [121.269778, 30.73072], [121.256392, 30.743954], [121.232277, 30.755801], [121.226224, 30.775096], [121.218006, 30.784945], [121.200092, 30.783277], [121.200338, 30.773631], [121.191825, 30.77884], [121.174649, 30.772002], [121.1527, 30.778962], [121.140643, 30.776927], [121.122976, 30.779003], [121.117267, 30.785474], [121.126273, 30.788567], [121.128143, 30.809971], [121.137641, 30.826245], [121.134639, 30.833038], [121.120614, 30.836333], [121.123566, 30.847274], [121.114757, 30.851463], [121.104816, 30.849349], [121.09773, 30.857116], [121.080456, 30.848739], [121.060525, 30.8452], [121.06205, 30.837797], [121.039954, 30.827221], [121.037936, 30.813877], [121.030062, 30.828564], [121.010918, 30.834625], [120.994629, 30.821485], [120.989117, 30.832306], [120.997779, 30.844061], [121.003979, 30.846095], [121.016283, 30.86285], [121.014806, 30.871024], [121.021893, 30.875171], [121.008507, 30.888141], [120.993842, 30.889645], [120.99266, 30.90184], [121.002552, 30.904848], [120.99896, 30.909522], [121.000042, 30.934719], [120.99143, 30.968358], [121.000534, 30.973923], [120.989511, 31.01441], [120.963182, 31.016603], [120.95831, 31.028579], [120.949107, 31.029959], [120.949993, 31.017618], [120.936312, 31.017131], [120.940101, 31.010026], [120.918103, 31.012786], [120.910081, 31.016928], [120.895121, 31.017374], [120.891331, 31.003732], [120.868054, 30.995367], [120.865642, 30.989803], [120.853241, 30.992971], [120.847335, 30.9896], [120.840052, 30.997803], [120.820908, 31.006371], [120.802896, 31.005397], [120.769923, 30.996626], [120.769677, 30.977294], [120.758457, 30.974532], [120.745957, 30.962509], [120.736114, 30.963728], [120.725583, 30.971527], [120.710081, 30.971892], [120.705504, 30.966449], [120.69822, 30.970796], [120.684441, 30.955156], [120.697581, 30.950321], [120.709441, 30.933175], [120.712689, 30.919683], [120.709835, 30.907531], [120.713279, 30.885051], [120.702551, 30.884034], [120.704274, 30.872935], [120.699943, 30.867811], [120.682817, 30.88253], [120.673073, 30.874927], [120.663082, 30.861346], [120.658703, 30.86529], [120.655405, 30.847518], [120.644726, 30.854839], [120.625681, 30.855896], [120.616872, 30.849999], [120.602994, 30.848901], [120.588968, 30.854432], [120.580897, 30.845688], [120.56382, 30.83552], [120.517462, 30.772287], [120.50442, 30.757959], [120.489066, 30.763861], [120.469972, 30.764431], [120.471891, 30.746682], [120.486261, 30.727992], [120.475287, 30.710724], [120.462885, 30.701397], [120.444479, 30.701763], [120.441182, 30.695572], [120.455011, 30.68555], [120.407963, 30.675691], [120.406093, 30.670761], [120.379469, 30.669375], [120.378288, 30.656539], [120.364607, 30.654542], [120.353977, 30.662815], [120.344971, 30.662733], [120.340099, 30.631351], [120.332717, 30.615044], [120.30939, 30.612639], [120.303189, 30.60901], [120.302599, 30.595636], [120.319134, 30.579079], [120.304715, 30.564477], [120.295955, 30.565537], [120.299498, 30.557093], [120.301959, 30.530002], [120.299892, 30.5198], [120.317707, 30.521596], [120.326123, 30.500414], [120.329174, 30.468407], [120.341379, 30.472286], [120.337245, 30.464324], [120.340345, 30.433899], [120.330749, 30.427282], [120.332963, 30.417314], [120.322038, 30.404731], [120.306388, 30.396232], [120.315689, 30.394311], [120.318642, 30.380621], [120.342953, 30.37163], [120.362835, 30.374695], [120.398318, 30.38479], [120.400926, 30.377025], [120.388524, 30.370118], [120.378091, 30.344937], [120.413771, 30.318319], [120.43882, 30.373388], [120.460227, 30.382665], [120.498761, 30.38904], [120.567856, 30.387855], [120.633899, 30.389449], [120.658998, 30.385607], [120.692955, 30.377965], [120.70388, 30.365867], [120.704126, 30.330791], [120.706045, 30.309444], [120.710868, 30.297542], [120.721941, 30.286334]]]]}}, {"type": "Feature", "properties": {"adcode": 330500, "name": "湖州市", "center": [120.102398, 30.867198], "centroid": [119.873663, 30.743058], "childrenNum": 5, "level": "city", "parent": {"adcode": 330000}, "subFeatureIndex": 4, "acroutes": [100000, 330000]}, "geometry": {"type": "MultiPolygon", "coordinates": [[[[120.489066, 30.763861], [120.477009, 30.785596], [120.477255, 30.800002], [120.455257, 30.816847], [120.461015, 30.828279], [120.460375, 30.839872], [120.454469, 30.849633], [120.44128, 30.856303], [120.452353, 30.867893], [120.439558, 30.885213], [120.434489, 30.887978], [120.442265, 30.90058], [120.434981, 30.920821], [120.423416, 30.927445], [120.418003, 30.925576], [120.423515, 30.90306], [120.394676, 30.890783], [120.37942, 30.890783], [120.372432, 30.882164], [120.364656, 30.880457], [120.358012, 30.887084], [120.360129, 30.892775], [120.35693, 30.908872], [120.362688, 30.921674], [120.35944, 30.931915], [120.371103, 30.948777], [120.343347, 30.939961], [120.308061, 30.932281], [120.250778, 30.926226], [120.221791, 30.926876], [120.149646, 30.937482], [120.135128, 30.941911], [120.111014, 30.955928], [120.09438, 30.973233], [120.05245, 31.005722], [120.017017, 31.017821], [120.001712, 31.027118], [119.988523, 31.059223], [119.969773, 31.074277], [119.946249, 31.106245], [119.936751, 31.146555], [119.921052, 31.16119], [119.920954, 31.170392], [119.900235, 31.169176], [119.878729, 31.160785], [119.866623, 31.168324], [119.842164, 31.16877], [119.837587, 31.173675], [119.826465, 31.173188], [119.823463, 31.165811], [119.829762, 31.161393], [119.823316, 31.154136], [119.809881, 31.148501], [119.800973, 31.156325], [119.791278, 31.156609], [119.793394, 31.168041], [119.779319, 31.178782], [119.755353, 31.170756], [119.740491, 31.173432], [119.713128, 31.167635], [119.703876, 31.151906], [119.682764, 31.160501], [119.678039, 31.168203], [119.663719, 31.165973], [119.662537, 31.159852], [119.641573, 31.148136], [119.638128, 31.135526], [119.623807, 31.130254], [119.624152, 31.11602], [119.649152, 31.105109], [119.634683, 31.093751], [119.629516, 31.082311], [119.634978, 31.064174], [119.631337, 31.046317], [119.634043, 31.019485], [119.624004, 31.005316], [119.616277, 31.002392], [119.607468, 30.991875], [119.585864, 30.976401], [119.579565, 30.962671], [119.582173, 30.947437], [119.580352, 30.929152], [119.563817, 30.919236], [119.556336, 30.896718], [119.559092, 30.891718], [119.558945, 30.871186], [119.573758, 30.853334], [119.575726, 30.829743], [119.561208, 30.829459], [119.554515, 30.825635], [119.524496, 30.776032], [119.507124, 30.769642], [119.491523, 30.777253], [119.479564, 30.771229], [119.478777, 30.753074], [119.484584, 30.744605], [119.480303, 30.738091], [119.482763, 30.704452], [119.465982, 30.683921], [119.45294, 30.671616], [119.448314, 30.655846], [119.433649, 30.644476], [119.412684, 30.642968], [119.400037, 30.658862], [119.395657, 30.678706], [119.391523, 30.685224], [119.379367, 30.679358], [119.372379, 30.680376], [119.354564, 30.66693], [119.343147, 30.6642], [119.333648, 30.652219], [119.323117, 30.630291], [119.311946, 30.621241], [119.291227, 30.616023], [119.278383, 30.617613], [119.255006, 30.615126], [119.245853, 30.618877], [119.240095, 30.604933], [119.253678, 30.596452], [119.254121, 30.588663], [119.264751, 30.582056], [119.264751, 30.57345], [119.245508, 30.561417], [119.236945, 30.546731], [119.242556, 30.530043], [119.261896, 30.525554], [119.26165, 30.51776], [119.272133, 30.510495], [119.28793, 30.512618], [119.313619, 30.531186], [119.326562, 30.532981], [119.328678, 30.521637], [119.336355, 30.507149], [119.330351, 30.488249], [119.334485, 30.478084], [119.336158, 30.44558], [119.349692, 30.438841], [119.352989, 30.424831], [119.349544, 30.408612], [119.360912, 30.410737], [119.368934, 30.399746], [119.366572, 30.388386], [119.371444, 30.383932], [119.393836, 30.383033], [119.403038, 30.373347], [119.418147, 30.376085], [119.435716, 30.391492], [119.441031, 30.392472], [119.450234, 30.410818], [119.467015, 30.408122], [119.490391, 30.408203], [119.513127, 30.401666], [119.533452, 30.409429], [119.535273, 30.424055], [119.55176, 30.43978], [119.565933, 30.443375], [119.572823, 30.431326], [119.581779, 30.423646], [119.594968, 30.421644], [119.627941, 30.431775], [119.635569, 30.441782], [119.650579, 30.440352], [119.642951, 30.428507], [119.631829, 30.424667], [119.63739, 30.410369], [119.633256, 30.395292], [119.646691, 30.39378], [119.6555, 30.40518], [119.668099, 30.399501], [119.681091, 30.408735], [119.686012, 30.417559], [119.709191, 30.434062], [119.694919, 30.452727], [119.695362, 30.464488], [119.701711, 30.467999], [119.708896, 30.487964], [119.704713, 30.494577], [119.709191, 30.508822], [119.70486, 30.525963], [119.695018, 30.542325], [119.69241, 30.556155], [119.71175, 30.566516], [119.729073, 30.551749], [119.743246, 30.550158], [119.768936, 30.551341], [119.766376, 30.514087], [119.784044, 30.511026], [119.794182, 30.505638], [119.815884, 30.510659], [119.836013, 30.496577], [119.851121, 30.502006], [119.854123, 30.493964], [119.867115, 30.477757], [119.880796, 30.476206], [119.872578, 30.462487], [119.890048, 30.457056], [119.90304, 30.459424], [119.90934, 30.456321], [119.921544, 30.462528], [119.931436, 30.456443], [119.934979, 30.446764], [119.950728, 30.444232], [119.955895, 30.433654], [119.965048, 30.431571], [119.982962, 30.445294], [120.00368, 30.444273], [120.013818, 30.435614], [120.041525, 30.433368], [120.046102, 30.427445], [120.064754, 30.4301], [120.062145, 30.434634], [120.0681, 30.445948], [120.059242, 30.459016], [120.059488, 30.47343], [120.065836, 30.483595], [120.068297, 30.496618], [120.099252, 30.495801], [120.096742, 30.48678], [120.11121, 30.476206], [120.146004, 30.482697], [120.149793, 30.467509], [120.175039, 30.476818], [120.180551, 30.482534], [120.173809, 30.492046], [120.185915, 30.494618], [120.185079, 30.502618], [120.195659, 30.503598], [120.201762, 30.514413], [120.205404, 30.505843], [120.224597, 30.509761], [120.239262, 30.50523], [120.25191, 30.506536], [120.277451, 30.504822], [120.285817, 30.507802], [120.299892, 30.5198], [120.301959, 30.530002], [120.299498, 30.557093], [120.295955, 30.565537], [120.304715, 30.564477], [120.319134, 30.579079], [120.302599, 30.595636], [120.303189, 30.60901], [120.30939, 30.612639], [120.332717, 30.615044], [120.340099, 30.631351], [120.344971, 30.662733], [120.353977, 30.662815], [120.364607, 30.654542], [120.378288, 30.656539], [120.379469, 30.669375], [120.406093, 30.670761], [120.407963, 30.675691], [120.455011, 30.68555], [120.441182, 30.695572], [120.444479, 30.701763], [120.462885, 30.701397], [120.475287, 30.710724], [120.486261, 30.727992], [120.471891, 30.746682], [120.469972, 30.764431], [120.489066, 30.763861]]]]}}, {"type": "Feature", "properties": {"adcode": 330600, "name": "绍兴市", "center": [120.582112, 29.997117], "centroid": [120.640933, 29.732893], "childrenNum": 6, "level": "city", "parent": {"adcode": 330000}, "subFeatureIndex": 5, "acroutes": [100000, 330000]}, "geometry": {"type": "MultiPolygon", "coordinates": [[[[119.973119, 29.674804], [119.988818, 29.661179], [119.991082, 29.654346], [120.002598, 29.655087], [120.021692, 29.647964], [120.029074, 29.653275], [120.029468, 29.667807], [120.037194, 29.663979], [120.036702, 29.653852], [120.024744, 29.647923], [120.031732, 29.636806], [120.044625, 29.631618], [120.045216, 29.626389], [120.035078, 29.617452], [120.019232, 29.617864], [120.006486, 29.593563], [120.007076, 29.57247], [120.02996, 29.56596], [120.040147, 29.570162], [120.054714, 29.558213], [120.051122, 29.549682], [120.05875, 29.542635], [120.073612, 29.537648], [120.08808, 29.536412], [120.091722, 29.532249], [120.085029, 29.514523], [120.07558, 29.513163], [120.079616, 29.504711], [120.093346, 29.500299], [120.102893, 29.506608], [120.114212, 29.497496], [120.127057, 29.494279], [120.13877, 29.508463], [120.157421, 29.512544], [120.17125, 29.521614], [120.185472, 29.541357], [120.186506, 29.548776], [120.200728, 29.549476], [120.2119, 29.535711], [120.207864, 29.528951], [120.223809, 29.52182], [120.227057, 29.514441], [120.241821, 29.512008], [120.249449, 29.504793], [120.250925, 29.496052], [120.268494, 29.49865], [120.282077, 29.489249], [120.269676, 29.481042], [120.261801, 29.469165], [120.267215, 29.452253], [120.281536, 29.440785], [120.277992, 29.416771], [120.264016, 29.400842], [120.261359, 29.390358], [120.266723, 29.376571], [120.278288, 29.363443], [120.289902, 29.355598], [120.307619, 29.365714], [120.317953, 29.379791], [120.325335, 29.380658], [120.333308, 29.395146], [120.334243, 29.403483], [120.343692, 29.41021], [120.361999, 29.415038], [120.372825, 29.414915], [120.369971, 29.428655], [120.36441, 29.433854], [120.367314, 29.445571], [120.383997, 29.456172], [120.398465, 29.45576], [120.410375, 29.450645], [120.427796, 29.477207], [120.461458, 29.48496], [120.474844, 29.492877], [120.497777, 29.474361], [120.496448, 29.466773], [120.515247, 29.468546], [120.522186, 29.456997], [120.515592, 29.451593], [120.511852, 29.44029], [120.511163, 29.419412], [120.523761, 29.401461], [120.53823, 29.391514], [120.550484, 29.390936], [120.55949, 29.379626], [120.553781, 29.371493], [120.566675, 29.367324], [120.57819, 29.357704], [120.571399, 29.34288], [120.579125, 29.340113], [120.590986, 29.348496], [120.600976, 29.334166], [120.624106, 29.336355], [120.645218, 29.328054], [120.653683, 29.33429], [120.670218, 29.325534], [120.687935, 29.341889], [120.697433, 29.341847], [120.704667, 29.347587], [120.707866, 29.341311], [120.699844, 29.318843], [120.711508, 29.302113], [120.720415, 29.303187], [120.725927, 29.310251], [120.738723, 29.30959], [120.749894, 29.31591], [120.76141, 29.313391], [120.773024, 29.304633], [120.756784, 29.28629], [120.759047, 29.281125], [120.775091, 29.276951], [120.772384, 29.262859], [120.776567, 29.242111], [120.773171, 29.231859], [120.776518, 29.225079], [120.806144, 29.234009], [120.82391, 29.229503], [120.838428, 29.237895], [120.853634, 29.253519], [120.862148, 29.252362], [120.867266, 29.24455], [120.882227, 29.239217], [120.900042, 29.240788], [120.897335, 29.253478], [120.890692, 29.260462], [120.891627, 29.270009], [120.903782, 29.276042], [120.904225, 29.295462], [120.915347, 29.303311], [120.928093, 29.291702], [120.942611, 29.289595], [120.956883, 29.282447], [120.964806, 29.306327], [120.990889, 29.309219], [121.005554, 29.319421], [121.020515, 29.317728], [121.024009, 29.308103], [121.04084, 29.309549], [121.056539, 29.322891], [121.074698, 29.322106], [121.099501, 29.317893], [121.096155, 29.305707], [121.117513, 29.304509], [121.120368, 29.318719], [121.117956, 29.33111], [121.122041, 29.336396], [121.133704, 29.338337], [121.149846, 29.330903], [121.160574, 29.340154], [121.163084, 29.325039], [121.175092, 29.323097], [121.180456, 29.32921], [121.194187, 29.322189], [121.193399, 29.341434], [121.20024, 29.342384], [121.213134, 29.353575], [121.230063, 29.362658], [121.226421, 29.384662], [121.231441, 29.393825], [121.226815, 29.414749], [121.215102, 29.417267], [121.218252, 29.421146], [121.209197, 29.436742], [121.217514, 29.439217], [121.224059, 29.449242], [121.216972, 29.452666], [121.219827, 29.477785], [121.228488, 29.490733], [121.216726, 29.496795], [121.231539, 29.51308], [121.225585, 29.532908], [121.213183, 29.530311], [121.20585, 29.536947], [121.183557, 29.538802], [121.169334, 29.537112], [121.155702, 29.54177], [121.140348, 29.543006], [121.130948, 29.554174], [121.112986, 29.554834], [121.113478, 29.56596], [121.120417, 29.575601], [121.115643, 29.586724], [121.105702, 29.585447], [121.117562, 29.605508], [121.110181, 29.607444], [121.113281, 29.613745], [121.101716, 29.626265], [121.08774, 29.628077], [121.074206, 29.637259], [121.074895, 29.66085], [121.068399, 29.66686], [121.058802, 29.683859], [121.054226, 29.68567], [121.038428, 29.675751], [121.017759, 29.669742], [120.992414, 29.675833], [120.992956, 29.685259], [121.010229, 29.68674], [121.01397, 29.693119], [121.006785, 29.698592], [121.009639, 29.709003], [121.034787, 29.715997], [121.035869, 29.72114], [121.019727, 29.723403], [121.010722, 29.73525], [121.014954, 29.741667], [121.03518, 29.746439], [121.024796, 29.763918], [121.033999, 29.76877], [121.045515, 29.76729], [121.055111, 29.760669], [121.08208, 29.778433], [121.092612, 29.788959], [121.096007, 29.797839], [121.104964, 29.805485], [121.096499, 29.815966], [121.10649, 29.836228], [121.085771, 29.849295], [121.077011, 29.849007], [121.063133, 29.859032], [121.060574, 29.854143], [121.031096, 29.874602], [121.016578, 29.894934], [121.023172, 29.897357], [121.031637, 29.911073], [121.0308, 29.918792], [121.042021, 29.933203], [121.045072, 29.955616], [121.066135, 29.960829], [121.07647, 29.970391], [121.085869, 29.972648], [121.091627, 29.987257], [121.082621, 29.991072], [121.075781, 30.001986], [121.064413, 30.006827], [121.05142, 30.006786], [121.038133, 29.998704], [121.034737, 30.003955], [121.039511, 30.013923], [121.018202, 30.010765], [120.990151, 30.027787], [120.986509, 30.044274], [120.992562, 30.050425], [120.986656, 30.054402], [120.98144, 30.067359], [120.969924, 30.07027], [120.973861, 30.078305], [120.96766, 30.089987], [120.959737, 30.094537], [120.950141, 30.091012], [120.93828, 30.113021], [120.930455, 30.115192], [120.939461, 30.125723], [120.931194, 30.146618], [120.92765, 30.165215], [120.916233, 30.188394], [120.893447, 30.228843], [120.86702, 30.271729], [120.825288, 30.262687], [120.789362, 30.263137], [120.739904, 30.276639], [120.721941, 30.286334], [120.693939, 30.262032], [120.669037, 30.23314], [120.642708, 30.217258], [120.612787, 30.16628], [120.609145, 30.152845], [120.593496, 30.146782], [120.568348, 30.151329], [120.563427, 30.147929], [120.550927, 30.15563], [120.529371, 30.157514], [120.518495, 30.155384], [120.506143, 30.159767], [120.498072, 30.169187], [120.484096, 30.172218], [120.46131, 30.168041], [120.459243, 30.151165], [120.452304, 30.15137], [120.44694, 30.135434], [120.429617, 30.132443], [120.422875, 30.135884], [120.426074, 30.144283], [120.420956, 30.152763], [120.410867, 30.149527], [120.411359, 30.132607], [120.399007, 30.136335], [120.387835, 30.156163], [120.37317, 30.155507], [120.358751, 30.147847], [120.352008, 30.150674], [120.353386, 30.142194], [120.339607, 30.142112], [120.327993, 30.125191], [120.318002, 30.12601], [120.312245, 30.1374], [120.297825, 30.128182], [120.303731, 30.126666], [120.300286, 30.118348], [120.286851, 30.106791], [120.299302, 30.097365], [120.313327, 30.107078], [120.333701, 30.09548], [120.338623, 30.070229], [120.33818, 30.060881], [120.324941, 30.048621], [120.331831, 30.037918], [120.343593, 30.034924], [120.345808, 30.019707], [120.35693, 30.011708], [120.362835, 29.99776], [120.360473, 29.98857], [120.364312, 29.978516], [120.360473, 29.973674], [120.346447, 29.973797], [120.340493, 29.956068], [120.326073, 29.946216], [120.325188, 29.93854], [120.312048, 29.927702], [120.291034, 29.935666], [120.284144, 29.922159], [120.2744, 29.919531], [120.265296, 29.924499], [120.264754, 29.930986], [120.255207, 29.94363], [120.250729, 29.936693], [120.221004, 29.942235], [120.200433, 29.929467], [120.204813, 29.924048], [120.185079, 29.904502], [120.17627, 29.913578], [120.166329, 29.917273], [120.159587, 29.906227], [120.150039, 29.905036], [120.150285, 29.887582], [120.144773, 29.874109], [120.131289, 29.858827], [120.109931, 29.845967], [120.101122, 29.830269], [120.102746, 29.823981], [120.095807, 29.816583], [120.074252, 29.82731], [120.065639, 29.822049], [120.038425, 29.82283], [120.030059, 29.806307], [120.036604, 29.788548], [120.030059, 29.78275], [120.030059, 29.770538], [120.011505, 29.761491], [120.010915, 29.757214], [119.991968, 29.753143], [119.973119, 29.765809], [119.960275, 29.755158], [119.944576, 29.755528], [119.927204, 29.744423], [119.913572, 29.755857], [119.904369, 29.754582], [119.890343, 29.762931], [119.889064, 29.753102], [119.900481, 29.74467], [119.901367, 29.728627], [119.912489, 29.720399], [119.914655, 29.704682], [119.922529, 29.697769], [119.933454, 29.699415], [119.937735, 29.70748], [119.951269, 29.699292], [119.967411, 29.694889], [119.973464, 29.68995], [119.973119, 29.674804]]]]}}, {"type": "Feature", "properties": {"adcode": 330700, "name": "金华市", "center": [119.649506, 29.089524], "centroid": [119.957007, 29.115117], "childrenNum": 9, "level": "city", "parent": {"adcode": 330000}, "subFeatureIndex": 6, "acroutes": [100000, 330000]}, "geometry": {"type": "MultiPolygon", "coordinates": [[[[119.322428, 28.800897], [119.328629, 28.800565], [119.327694, 28.779806], [119.338422, 28.761161], [119.346247, 28.757008], [119.358206, 28.761037], [119.359534, 28.768304], [119.368737, 28.774118], [119.371887, 28.784789], [119.387684, 28.786948], [119.412438, 28.76166], [119.413619, 28.751983], [119.421198, 28.749159], [119.430696, 28.755596], [119.470854, 28.765356], [119.473019, 28.749782], [119.479663, 28.739647], [119.463767, 28.742306], [119.460814, 28.73944], [119.46421, 28.70824], [119.458895, 28.683848], [119.462241, 28.661237], [119.455696, 28.650886], [119.461208, 28.634879], [119.468442, 28.633632], [119.482025, 28.639453], [119.488423, 28.626438], [119.507911, 28.615335], [119.509879, 28.603357], [119.498068, 28.584848], [119.494427, 28.554018], [119.498413, 28.54865], [119.514653, 28.561675], [119.53488, 28.555724], [119.535175, 28.543782], [119.542458, 28.532628], [119.568492, 28.532295], [119.574201, 28.523888], [119.613374, 28.5278], [119.629171, 28.525386], [119.638276, 28.528508], [119.644722, 28.541867], [119.660224, 28.539953], [119.674742, 28.530006], [119.703581, 28.533211], [119.707813, 28.545738], [119.717705, 28.553769], [119.720461, 28.56596], [119.739309, 28.584848], [119.7399, 28.591462], [119.754122, 28.592668], [119.767065, 28.588009], [119.773955, 28.603233], [119.772725, 28.608556], [119.749398, 28.622696], [119.752449, 28.635253], [119.764949, 28.638704], [119.777252, 28.630887], [119.794969, 28.632883], [119.811751, 28.65392], [119.813867, 28.68684], [119.826367, 28.695317], [119.849644, 28.716591], [119.86618, 28.718503], [119.874448, 28.73541], [119.87179, 28.742306], [119.882371, 28.7492], [119.886751, 28.744632], [119.89807, 28.750363], [119.906731, 28.768553], [119.921003, 28.784], [119.921298, 28.796164], [119.942164, 28.793009], [119.948562, 28.787197], [119.967607, 28.787819], [119.971643, 28.794255], [119.982421, 28.796662], [120.005304, 28.780886], [120.010669, 28.772207], [120.025679, 28.764151], [120.028976, 28.758047], [120.049202, 28.763155], [120.083946, 28.787031], [120.097037, 28.768553], [120.109882, 28.767224], [120.111309, 28.762324], [120.131437, 28.759708], [120.145561, 28.784], [120.165344, 28.774325], [120.178435, 28.775239], [120.183553, 28.785162], [120.198858, 28.783958], [120.209341, 28.795832], [120.200335, 28.80181], [120.20186, 28.810029], [120.215148, 28.825885], [120.216526, 28.832608], [120.236506, 28.844808], [120.241821, 28.857256], [120.260719, 28.865471], [120.261752, 28.911429], [120.250729, 28.913792], [120.258603, 28.927103], [120.255453, 28.931], [120.264951, 28.93896], [120.271004, 28.950112], [120.277894, 28.930544], [120.303977, 28.931664], [120.314312, 28.9191], [120.303239, 28.892808], [120.315394, 28.887042], [120.316428, 28.876879], [120.331388, 28.868914], [120.338278, 28.860244], [120.347284, 28.858252], [120.357914, 28.839372], [120.368446, 28.838044], [120.388475, 28.829454], [120.392855, 28.834558], [120.392954, 28.847132], [120.404715, 28.853813], [120.406881, 28.845182], [120.418101, 28.851655], [120.426713, 28.831985], [120.441773, 28.841406], [120.473909, 28.839206], [120.481143, 28.828167], [120.486802, 28.846012], [120.498466, 28.849207], [120.502206, 28.857215], [120.494972, 28.86601], [120.509982, 28.874888], [120.514706, 28.890734], [120.525484, 28.878663], [120.533948, 28.879534], [120.533604, 28.866301], [120.542757, 28.867048], [120.56323, 28.861696], [120.579962, 28.869371], [120.590051, 28.881111], [120.60447, 28.890692], [120.619086, 28.895628], [120.64699, 28.90048], [120.663771, 28.916488], [120.664953, 28.923786], [120.659638, 28.937136], [120.673417, 28.959895], [120.673319, 28.973158], [120.677699, 28.977302], [120.696695, 28.980037], [120.69886, 28.972992], [120.717315, 28.973779], [120.726665, 28.98128], [120.72199, 28.995245], [120.72952, 28.99711], [120.72824, 29.009829], [120.720317, 29.012356], [120.724451, 29.023873], [120.713575, 29.035264], [120.701714, 29.022713], [120.693151, 29.040565], [120.70073, 29.044334], [120.691626, 29.052079], [120.702207, 29.060195], [120.704864, 29.075888], [120.694382, 29.086942], [120.701222, 29.097457], [120.709884, 29.098409], [120.723614, 29.119145], [120.736606, 29.11331], [120.746843, 29.122911], [120.734441, 29.13127], [120.722187, 29.130236], [120.712295, 29.143767], [120.731095, 29.164494], [120.749648, 29.176035], [120.759884, 29.189022], [120.77824, 29.19965], [120.773171, 29.205687], [120.783063, 29.221193], [120.776518, 29.225079], [120.773171, 29.231859], [120.776567, 29.242111], [120.772384, 29.262859], [120.775091, 29.276951], [120.759047, 29.281125], [120.756784, 29.28629], [120.773024, 29.304633], [120.76141, 29.313391], [120.749894, 29.31591], [120.738723, 29.30959], [120.725927, 29.310251], [120.720415, 29.303187], [120.711508, 29.302113], [120.699844, 29.318843], [120.707866, 29.341311], [120.704667, 29.347587], [120.697433, 29.341847], [120.687935, 29.341889], [120.670218, 29.325534], [120.653683, 29.33429], [120.645218, 29.328054], [120.624106, 29.336355], [120.600976, 29.334166], [120.590986, 29.348496], [120.579125, 29.340113], [120.571399, 29.34288], [120.57819, 29.357704], [120.566675, 29.367324], [120.553781, 29.371493], [120.55949, 29.379626], [120.550484, 29.390936], [120.53823, 29.391514], [120.523761, 29.401461], [120.511163, 29.419412], [120.511852, 29.44029], [120.515592, 29.451593], [120.522186, 29.456997], [120.515247, 29.468546], [120.496448, 29.466773], [120.497777, 29.474361], [120.474844, 29.492877], [120.461458, 29.48496], [120.427796, 29.477207], [120.410375, 29.450645], [120.398465, 29.45576], [120.383997, 29.456172], [120.367314, 29.445571], [120.36441, 29.433854], [120.369971, 29.428655], [120.372825, 29.414915], [120.361999, 29.415038], [120.343692, 29.41021], [120.334243, 29.403483], [120.333308, 29.395146], [120.325335, 29.380658], [120.317953, 29.379791], [120.307619, 29.365714], [120.289902, 29.355598], [120.278288, 29.363443], [120.266723, 29.376571], [120.261359, 29.390358], [120.264016, 29.400842], [120.277992, 29.416771], [120.281536, 29.440785], [120.267215, 29.452253], [120.261801, 29.469165], [120.269676, 29.481042], [120.282077, 29.489249], [120.268494, 29.49865], [120.250925, 29.496052], [120.249449, 29.504793], [120.241821, 29.512008], [120.227057, 29.514441], [120.223809, 29.52182], [120.207864, 29.528951], [120.2119, 29.535711], [120.200728, 29.549476], [120.186506, 29.548776], [120.185472, 29.541357], [120.17125, 29.521614], [120.157421, 29.512544], [120.13877, 29.508463], [120.127057, 29.494279], [120.114212, 29.497496], [120.102893, 29.506608], [120.093346, 29.500299], [120.079616, 29.504711], [120.07558, 29.513163], [120.085029, 29.514523], [120.091722, 29.532249], [120.08808, 29.536412], [120.073612, 29.537648], [120.05875, 29.542635], [120.051122, 29.549682], [120.054714, 29.558213], [120.040147, 29.570162], [120.02996, 29.56596], [120.007076, 29.57247], [120.006486, 29.593563], [120.019232, 29.617864], [120.035078, 29.617452], [120.045216, 29.626389], [120.044625, 29.631618], [120.031732, 29.636806], [120.024744, 29.647923], [120.036702, 29.653852], [120.037194, 29.663979], [120.029468, 29.667807], [120.029074, 29.653275], [120.021692, 29.647964], [120.002598, 29.655087], [119.991082, 29.654346], [119.988818, 29.661179], [119.973119, 29.674804], [119.936161, 29.666531], [119.924792, 29.669906], [119.921249, 29.66402], [119.911702, 29.66649], [119.895708, 29.660644], [119.879271, 29.66793], [119.859536, 29.671347], [119.852499, 29.668877], [119.835422, 29.678138], [119.824448, 29.671841], [119.817607, 29.673076], [119.79118, 29.654963], [119.776514, 29.626841], [119.779319, 29.603984], [119.764949, 29.594675], [119.769182, 29.579556], [119.761652, 29.566536], [119.764211, 29.557347], [119.750678, 29.550713], [119.741081, 29.551908], [119.722626, 29.542759], [119.74492, 29.516419], [119.735422, 29.510936], [119.726908, 29.511555], [119.718837, 29.505288], [119.719575, 29.491146], [119.70678, 29.472382], [119.707124, 29.464215], [119.715835, 29.448995], [119.707272, 29.433235], [119.691179, 29.438763], [119.688916, 29.421764], [119.676317, 29.419206], [119.673413, 29.425024], [119.664408, 29.424075], [119.642508, 29.432946], [119.624939, 29.417762], [119.625529, 29.410499], [119.606238, 29.388088], [119.617606, 29.380369], [119.616277, 29.368273], [119.604565, 29.369636], [119.592901, 29.377686], [119.582075, 29.379131], [119.574594, 29.372773], [119.558551, 29.372154], [119.545411, 29.367365], [119.536061, 29.373145], [119.523905, 29.366003], [119.522724, 29.350024], [119.510421, 29.333464], [119.500037, 29.335735], [119.49231, 29.331069], [119.480204, 29.332968], [119.471493, 29.349033], [119.461454, 29.350932], [119.45481, 29.365259], [119.457566, 29.370379], [119.451858, 29.385611], [119.451365, 29.397292], [119.443147, 29.404556], [119.437143, 29.424116], [119.427793, 29.422177], [119.43232, 29.415162], [119.426759, 29.405547], [119.404761, 29.400677], [119.399938, 29.411242], [119.39354, 29.411242], [119.388521, 29.429728], [119.378137, 29.42981], [119.368294, 29.415699], [119.360223, 29.416276], [119.346395, 29.408724], [119.337093, 29.411159], [119.328629, 29.393413], [119.340145, 29.38235], [119.333058, 29.355061], [119.348462, 29.336231], [119.344278, 29.324378], [119.348806, 29.319504], [119.3242, 29.307979], [119.328629, 29.299263], [119.322625, 29.296164], [119.318294, 29.279885], [119.286011, 29.279348], [119.288077, 29.268852], [119.270656, 29.251659], [119.260912, 29.247815], [119.244918, 29.228634], [119.234928, 29.221937], [119.233353, 29.195845], [119.242162, 29.189683], [119.241522, 29.165735], [119.253333, 29.154772], [119.251119, 29.141656], [119.267162, 29.133919], [119.267703, 29.119104], [119.282762, 29.118317], [119.292507, 29.105901], [119.302595, 29.100893], [119.299987, 29.090709], [119.305351, 29.085617], [119.32602, 29.086238], [119.332517, 29.075971], [119.327841, 29.067649], [119.334288, 29.052369], [119.332369, 29.043423], [119.334682, 29.022216], [119.327349, 29.03808], [119.321542, 29.00059], [119.328038, 28.987579], [119.325922, 28.979125], [119.316621, 28.970256], [119.304613, 28.969345], [119.311503, 28.959853], [119.315587, 28.943231], [119.327152, 28.924739], [119.333796, 28.907945], [119.34546, 28.899734], [119.333599, 28.865181], [119.319672, 28.867794], [119.310912, 28.85124], [119.311306, 28.842153], [119.331926, 28.846966], [119.338028, 28.843149], [119.336355, 28.835222], [119.345558, 28.827711], [119.331631, 28.807912], [119.322428, 28.800897]]]]}}, {"type": "Feature", "properties": {"adcode": 330800, "name": "衢州市", "center": [118.87263, 28.941708], "centroid": [118.679569, 28.932446], "childrenNum": 6, "level": "city", "parent": {"adcode": 330000}, "subFeatureIndex": 7, "acroutes": [100000, 330000]}, "geometry": {"type": "MultiPolygon", "coordinates": [[[[119.322428, 28.800897], [119.331631, 28.807912], [119.345558, 28.827711], [119.336355, 28.835222], [119.338028, 28.843149], [119.331926, 28.846966], [119.311306, 28.842153], [119.310912, 28.85124], [119.319672, 28.867794], [119.333599, 28.865181], [119.34546, 28.899734], [119.333796, 28.907945], [119.327152, 28.924739], [119.315587, 28.943231], [119.311503, 28.959853], [119.304613, 28.969345], [119.316621, 28.970256], [119.325922, 28.979125], [119.328038, 28.987579], [119.321542, 29.00059], [119.327349, 29.03808], [119.334682, 29.022216], [119.332369, 29.043423], [119.334288, 29.052369], [119.327841, 29.067649], [119.332517, 29.075971], [119.32602, 29.086238], [119.305351, 29.085617], [119.299987, 29.090709], [119.302595, 29.100893], [119.292507, 29.105901], [119.282762, 29.118317], [119.267703, 29.119104], [119.267162, 29.133919], [119.251119, 29.141656], [119.253333, 29.154772], [119.241522, 29.165735], [119.242162, 29.189683], [119.233353, 29.195845], [119.234928, 29.221937], [119.244918, 29.228634], [119.260912, 29.247815], [119.237782, 29.250708], [119.239308, 29.258933], [119.227103, 29.276827], [119.228727, 29.284182], [119.208156, 29.284389], [119.200282, 29.29038], [119.20038, 29.272158], [119.192211, 29.258479], [119.200922, 29.257487], [119.2148, 29.246947], [119.210272, 29.23066], [119.213668, 29.225203], [119.204465, 29.223549], [119.201709, 29.229379], [119.189504, 29.227105], [119.194918, 29.216314], [119.189504, 29.205191], [119.177693, 29.207259], [119.170459, 29.217596], [119.151758, 29.22789], [119.138126, 29.220242], [119.12912, 29.227063], [119.132565, 29.235456], [119.12351, 29.236737], [119.106384, 29.227518], [119.085222, 29.230578], [119.075675, 29.224004], [119.062929, 29.226278], [119.030596, 29.215074], [119.013076, 29.212386], [119.003234, 29.207714], [118.998903, 29.216355], [118.987141, 29.226071], [118.984828, 29.239465], [118.988224, 29.243558], [118.966816, 29.269348], [118.963322, 29.267653], [118.949641, 29.281744], [118.961895, 29.290215], [118.962092, 29.296164], [118.948017, 29.301122], [118.94408, 29.306286], [118.927053, 29.310375], [118.900428, 29.332638], [118.886354, 29.322354], [118.878332, 29.326567], [118.860664, 29.31496], [118.855743, 29.303311], [118.828775, 29.287446], [118.82656, 29.280298], [118.816865, 29.281703], [118.793637, 29.267943], [118.786402, 29.266744], [118.784778, 29.259099], [118.774985, 29.250998], [118.763912, 29.248311], [118.767259, 29.234133], [118.765438, 29.220614], [118.753036, 29.213875], [118.743735, 29.213668], [118.708843, 29.188774], [118.68463, 29.202545], [118.670162, 29.200518], [118.638321, 29.192165], [118.626855, 29.19568], [118.633646, 29.205605], [118.631825, 29.219622], [118.620112, 29.219291], [118.607612, 29.239713], [118.615437, 29.25075], [118.606677, 29.267116], [118.610614, 29.279472], [118.619177, 29.276786], [118.63276, 29.263149], [118.634138, 29.272984], [118.614404, 29.296577], [118.617209, 29.303146], [118.603478, 29.316447], [118.603823, 29.323552], [118.596047, 29.330821], [118.589059, 29.327888], [118.571687, 29.338337], [118.55151, 29.335694], [118.528577, 29.345275], [118.519079, 29.344366], [118.524344, 29.36142], [118.517504, 29.363484], [118.505742, 29.359273], [118.488813, 29.367241], [118.479167, 29.366539], [118.470112, 29.360098], [118.456234, 29.365879], [118.448754, 29.37525], [118.441224, 29.375911], [118.423655, 29.387345], [118.425771, 29.397623], [118.405397, 29.408147], [118.413173, 29.420568], [118.402051, 29.425189], [118.390289, 29.423951], [118.384137, 29.433276], [118.372917, 29.437815], [118.366371, 29.45015], [118.352543, 29.45279], [118.345751, 29.465123], [118.344964, 29.475681], [118.324442, 29.496918], [118.310564, 29.496011], [118.306627, 29.479434], [118.315977, 29.450562], [118.316125, 29.42259], [118.291371, 29.41999], [118.286154, 29.426716], [118.277641, 29.423374], [118.267798, 29.427871], [118.255692, 29.42618], [118.248507, 29.431337], [118.232955, 29.42391], [118.218093, 29.420361], [118.204264, 29.395394], [118.193044, 29.39527], [118.194323, 29.388253], [118.208792, 29.377521], [118.204018, 29.36786], [118.208694, 29.360346], [118.207808, 29.347587], [118.1833, 29.332225], [118.179756, 29.321404], [118.166567, 29.313886], [118.176066, 29.305914], [118.176607, 29.297404], [118.169373, 29.29761], [118.152886, 29.28629], [118.136105, 29.283893], [118.115878, 29.293685], [118.105101, 29.284926], [118.078132, 29.290587], [118.071931, 29.287033], [118.077886, 29.278769], [118.080445, 29.266331], [118.075573, 29.24736], [118.081971, 29.234587], [118.07326, 29.217017], [118.057906, 29.214784], [118.05141, 29.217596], [118.042453, 29.210319], [118.033447, 29.177151], [118.028378, 29.169251], [118.04137, 29.160853], [118.045012, 29.149104], [118.03891, 29.126346], [118.053083, 29.116248], [118.037974, 29.101886], [118.045898, 29.088846], [118.07577, 29.074563], [118.076902, 29.062845], [118.066961, 29.053942], [118.072177, 29.038991], [118.088073, 29.029424], [118.090681, 29.010451], [118.097079, 28.998726], [118.10702, 29.011984], [118.110662, 29.003739], [118.099933, 28.990397], [118.110022, 28.991723], [118.113713, 29.009208], [118.127296, 29.016085], [118.132463, 29.008379], [118.125918, 28.994499], [118.133743, 28.983891], [118.147867, 28.977799], [118.147178, 28.984803], [118.16514, 28.986709], [118.186597, 28.97697], [118.195997, 28.965034], [118.199392, 28.954672], [118.223802, 28.947832], [118.227837, 28.942443], [118.206036, 28.919598], [118.196686, 28.915949], [118.193487, 28.908277], [118.199392, 28.902969], [118.224983, 28.911843], [118.237631, 28.91852], [118.256824, 28.92362], [118.269865, 28.918644], [118.276115, 28.89596], [118.28143, 28.891356], [118.287926, 28.864517], [118.293881, 28.860866], [118.297424, 28.847837], [118.304314, 28.840078], [118.295308, 28.835222], [118.310564, 28.821983], [118.320554, 28.821236], [118.331873, 28.814803], [118.368192, 28.811275], [118.371932, 28.801769], [118.38335, 28.787363], [118.378724, 28.784622], [118.383694, 28.774201], [118.386942, 28.754807], [118.396293, 28.754932], [118.392356, 28.738858], [118.399738, 28.727559], [118.401903, 28.714473], [118.392503, 28.710442], [118.39147, 28.700512], [118.402247, 28.703005], [118.418832, 28.692242], [118.414994, 28.686591], [118.432858, 28.676533], [118.432612, 28.651551], [118.422129, 28.646812], [118.427789, 28.63147], [118.433399, 28.627062], [118.425279, 28.611426], [118.417749, 28.607558], [118.414059, 28.595372], [118.421588, 28.596287], [118.415683, 28.583475], [118.417307, 28.572825], [118.409433, 28.569247], [118.41337, 28.555142], [118.428084, 28.54736], [118.420702, 28.544739], [118.428133, 28.534668], [118.425328, 28.525261], [118.433251, 28.516479], [118.437287, 28.521682], [118.445555, 28.513273], [118.430791, 28.500785], [118.421933, 28.502991], [118.415043, 28.497412], [118.421785, 28.492125], [118.438124, 28.492999], [118.454315, 28.476385], [118.461647, 28.482631], [118.472179, 28.479384], [118.482169, 28.47118], [118.463321, 28.455854], [118.465929, 28.448232], [118.459334, 28.42982], [118.450131, 28.418154], [118.456529, 28.415988], [118.44024, 28.411946], [118.431135, 28.398362], [118.455151, 28.383984], [118.469275, 28.355848], [118.473901, 28.339046], [118.469423, 28.328204], [118.48709, 28.328996], [118.481923, 28.32099], [118.47085, 28.316694], [118.459679, 28.30168], [118.433202, 28.28829], [118.430446, 28.280781], [118.438616, 28.261255], [118.448852, 28.261505], [118.445161, 28.254745], [118.463862, 28.243061], [118.481037, 28.245982], [118.490683, 28.238428], [118.502691, 28.246817], [118.492947, 28.262715], [118.495604, 28.273104], [118.505643, 28.279905], [118.514157, 28.269641], [118.530201, 28.270434], [118.546244, 28.275024], [118.547474, 28.28658], [118.558596, 28.282324], [118.568833, 28.285245], [118.584482, 28.284327], [118.598016, 28.270643], [118.595703, 28.256999], [118.623016, 28.256623], [118.632465, 28.261297], [118.64024, 28.27348], [118.651363, 28.27711], [118.666668, 28.269725], [118.674788, 28.271435], [118.689896, 28.291001], [118.700182, 28.310397], [118.701904, 28.327078], [118.717898, 28.33817], [118.724001, 28.338337], [118.742012, 28.364435], [118.738371, 28.369813], [118.757564, 28.407488], [118.753233, 28.417321], [118.734975, 28.416779], [118.723459, 28.411196], [118.723951, 28.433153], [118.731136, 28.456479], [118.725379, 28.460894], [118.729709, 28.479508], [118.723164, 28.493249], [118.726953, 28.499827], [118.7428, 28.509152], [118.751215, 28.52447], [118.765142, 28.524096], [118.777298, 28.518435], [118.780546, 28.526552], [118.795359, 28.534335], [118.809385, 28.536249], [118.821786, 28.547444], [118.83842, 28.539911], [118.851019, 28.53962], [118.854562, 28.532212], [118.864552, 28.529923], [118.868046, 28.521723], [118.878332, 28.522056], [118.889306, 28.533003], [118.890192, 28.539745], [118.902938, 28.548859], [118.91406, 28.563921], [118.908549, 28.574447], [118.909139, 28.589756], [118.917112, 28.599739], [118.916619, 28.610885], [118.923657, 28.619244], [118.925527, 28.63359], [118.930202, 28.640534], [118.956974, 28.647394], [118.962683, 28.642405], [118.983992, 28.663856], [118.991472, 28.676491], [119.001659, 28.683058], [119.007958, 28.694569], [119.02971, 28.709694], [119.043687, 28.71227], [119.047575, 28.722159], [119.063962, 28.733541], [119.080793, 28.740146], [119.087831, 28.735203], [119.097132, 28.743261], [119.122378, 28.737072], [119.137683, 28.738027], [119.161207, 28.748162], [119.169573, 28.748868], [119.187536, 28.770173], [119.213569, 28.768968], [119.238028, 28.761992], [119.24851, 28.763612], [119.255745, 28.776152], [119.271148, 28.786532], [119.276512, 28.802931], [119.291325, 28.806003], [119.302644, 28.80401], [119.311503, 28.811897], [119.322428, 28.800897]]]]}}, {"type": "Feature", "properties": {"adcode": 330900, "name": "舟山市", "center": [122.106863, 30.016028], "centroid": [122.146805, 30.056563], "childrenNum": 4, "level": "city", "parent": {"adcode": 330000}, "subFeatureIndex": 8, "acroutes": [100000, 330000]}, "geometry": {"type": "MultiPolygon", "coordinates": [[[[122.256887, 30.065104], [122.256543, 30.071828], [122.265943, 30.076214], [122.281642, 30.077403], [122.283413, 30.073467], [122.300195, 30.074984], [122.301671, 30.086503], [122.293896, 30.100316], [122.279525, 30.102857], [122.258315, 30.098595], [122.240746, 30.108103], [122.191631, 30.108677], [122.182429, 30.117036], [122.169486, 30.117118], [122.156641, 30.112611], [122.144879, 30.118798], [122.133019, 30.136622], [122.121454, 30.141088], [122.119978, 30.14924], [122.110922, 30.154811], [122.095716, 30.158088], [122.072684, 30.154114], [122.048767, 30.147233], [122.036808, 30.148912], [121.996306, 30.161405], [121.977211, 30.174471], [121.955164, 30.184012], [121.949997, 30.176068], [121.936414, 30.167795], [121.935085, 30.16161], [121.948471, 30.147888], [121.983461, 30.100316], [121.992221, 30.074656], [121.978196, 30.059282], [121.981247, 30.048826], [121.99857, 30.037548], [122.012005, 30.021184], [122.026424, 29.992426], [122.038875, 29.989595], [122.073422, 30.005145], [122.092468, 30.006786], [122.108806, 30.00494], [122.120863, 29.98381], [122.139958, 29.987092], [122.168944, 29.989103], [122.192616, 29.978886], [122.239958, 29.962593], [122.279033, 29.937514], [122.308955, 29.943466], [122.324112, 29.941291], [122.331986, 29.962183], [122.341287, 29.976834], [122.344289, 29.995257], [122.340303, 30.006539], [122.346898, 30.011544], [122.343896, 30.020446], [122.334102, 30.021266], [122.32677, 30.031848], [122.31176, 30.038656], [122.291632, 30.065145], [122.269929, 30.062439], [122.256887, 30.065104]]], [[[122.625097, 30.817539], [122.637745, 30.814447], [122.636269, 30.819939], [122.622243, 30.826001], [122.615845, 30.82474], [122.625097, 30.817539]]], [[[122.150932, 30.190073], [122.1436, 30.166935], [122.150686, 30.146659], [122.162891, 30.137933], [122.170125, 30.139121], [122.176474, 30.155138], [122.190696, 30.161078], [122.184495, 30.163453], [122.197586, 30.175904], [122.208118, 30.175167], [122.204181, 30.18176], [122.218206, 30.188885], [122.196356, 30.193635], [122.178196, 30.191752], [122.176621, 30.199982], [122.166484, 30.198385], [122.150932, 30.190073]]], [[[122.207773, 29.70316], [122.229082, 29.693489], [122.24611, 29.67999], [122.250391, 29.688139], [122.270864, 29.685135], [122.277606, 29.677933], [122.281642, 29.688633], [122.262301, 29.688057], [122.229624, 29.701637], [122.232773, 29.706122], [122.226179, 29.714105], [122.217813, 29.711759], [122.208216, 29.715627], [122.207773, 29.70316]]], [[[122.427607, 30.738538], [122.441681, 30.733082], [122.442518, 30.716345], [122.430264, 30.706529], [122.427607, 30.69602], [122.437055, 30.691743], [122.444241, 30.697079], [122.4499, 30.691457], [122.487154, 30.701193], [122.490501, 30.695775], [122.499605, 30.70323], [122.510136, 30.69492], [122.513778, 30.702049], [122.535186, 30.698301], [122.539664, 30.703678], [122.526672, 30.713983], [122.536268, 30.717567], [122.528345, 30.724897], [122.50615, 30.720051], [122.504871, 30.713249], [122.486514, 30.711132], [122.473621, 30.715204], [122.467075, 30.730272], [122.460432, 30.730272], [122.450441, 30.743017], [122.432183, 30.742325], [122.427607, 30.738538]]], [[[122.163088, 30.329809], [122.144043, 30.315538], [122.137743, 30.32159], [122.133019, 30.314515], [122.124357, 30.319995], [122.092812, 30.299996], [122.06791, 30.301714], [122.058511, 30.304618], [122.051867, 30.300078], [122.057822, 30.291775], [122.101031, 30.275084], [122.134446, 30.251884], [122.146356, 30.246237], [122.194141, 30.24374], [122.199604, 30.234327], [122.208413, 30.235514], [122.208856, 30.229129], [122.230116, 30.23269], [122.229427, 30.260436], [122.237202, 30.277007], [122.231395, 30.277989], [122.224456, 30.290425], [122.239466, 30.296479], [122.248177, 30.304496], [122.231887, 30.305968], [122.221602, 30.324657], [122.228344, 30.329564], [122.213383, 30.33443], [122.209003, 30.32985], [122.191287, 30.329155], [122.191877, 30.337414], [122.18174, 30.340971], [122.178147, 30.350579], [122.173816, 30.337578], [122.163088, 30.329809]]], [[[122.317468, 30.249593], [122.278, 30.243004], [122.275982, 30.23535], [122.284545, 30.226837], [122.29173, 30.226509], [122.298472, 30.234082], [122.305559, 30.228883], [122.309004, 30.23531], [122.318403, 30.236455], [122.32923, 30.230193], [122.336809, 30.23576], [122.34862, 30.233222], [122.362055, 30.239566], [122.363236, 30.254871], [122.380707, 30.253889], [122.381986, 30.238134], [122.391534, 30.239893], [122.397193, 30.225241], [122.408217, 30.227778], [122.407725, 30.236005], [122.417174, 30.23887], [122.418798, 30.246278], [122.429477, 30.250861], [122.409595, 30.25704], [122.407233, 30.27267], [122.400343, 30.275657], [122.385727, 30.270993], [122.358807, 30.271238], [122.349457, 30.267392], [122.322685, 30.26997], [122.318699, 30.26551], [122.317468, 30.249593]]], [[[122.675245, 30.848779], [122.669192, 30.845566], [122.687991, 30.838082], [122.695472, 30.839018], [122.698523, 30.848128], [122.690108, 30.849105], [122.679133, 30.861102], [122.675245, 30.848779]]], [[[122.782824, 30.789748], [122.775689, 30.788038], [122.782135, 30.7823], [122.782824, 30.789748]]], [[[122.331002, 29.938089], [122.327213, 29.923103], [122.341337, 29.908198], [122.362744, 29.8944], [122.372341, 29.893209], [122.376327, 29.88676], [122.376819, 29.871151], [122.369978, 29.862031], [122.378345, 29.84309], [122.386366, 29.834009], [122.416189, 29.828995], [122.413236, 29.84835], [122.398079, 29.853609], [122.401819, 29.870042], [122.41929, 29.873082], [122.418601, 29.881462], [122.434053, 29.883557], [122.432085, 29.893989], [122.43489, 29.906227], [122.41363, 29.912551], [122.410923, 29.91793], [122.430215, 29.916904], [122.420618, 29.937309], [122.424309, 29.945765], [122.408955, 29.951429], [122.410235, 29.94478], [122.401573, 29.945806], [122.397882, 29.939648], [122.377164, 29.949008], [122.372734, 29.954139], [122.356691, 29.950321], [122.351868, 29.959105], [122.331002, 29.938089]]], [[[122.430412, 30.408653], [122.440796, 30.413556], [122.432725, 30.420092], [122.428542, 30.430549], [122.432282, 30.445376], [122.411268, 30.452686], [122.402459, 30.458281], [122.381445, 30.455953], [122.373817, 30.46167], [122.383414, 30.472858], [122.372734, 30.47886], [122.35615, 30.464651], [122.337006, 30.465794], [122.314959, 30.470245], [122.303984, 30.46657], [122.287596, 30.47739], [122.278689, 30.474369], [122.281838, 30.460118], [122.279378, 30.444477], [122.280411, 30.420337], [122.285923, 30.417028], [122.318305, 30.407182], [122.348079, 30.410696], [122.352409, 30.421971], [122.365156, 30.417151], [122.375441, 30.419357], [122.378295, 30.413556], [122.387695, 30.417477], [122.404821, 30.4176], [122.41112, 30.411268], [122.430412, 30.408653]]], [[[122.327163, 30.519474], [122.317518, 30.518046], [122.31924, 30.512781], [122.343699, 30.504006], [122.34611, 30.528044], [122.340008, 30.522371], [122.327163, 30.519474]]], [[[122.450737, 30.426097], [122.469634, 30.414413], [122.485727, 30.415762], [122.474211, 30.429528], [122.476081, 30.436023], [122.46427, 30.436799], [122.459693, 30.426424], [122.450737, 30.426097]]], [[[122.477361, 30.229784], [122.481445, 30.221147], [122.503197, 30.215907], [122.503493, 30.22565], [122.489516, 30.231298], [122.477361, 30.229784]]], [[[122.264762, 29.845391], [122.248374, 29.848761], [122.234446, 29.846542], [122.221257, 29.835817], [122.23046, 29.822707], [122.24109, 29.820323], [122.248571, 29.804334], [122.267862, 29.792782], [122.28484, 29.779667], [122.296799, 29.778968], [122.310136, 29.766796], [122.317222, 29.774198], [122.328443, 29.777693], [122.309447, 29.794098], [122.31614, 29.806389], [122.297045, 29.811486], [122.297882, 29.81798], [122.318354, 29.817857], [122.323768, 29.821844], [122.319289, 29.829447], [122.302951, 29.83368], [122.302065, 29.838488], [122.282527, 29.845515], [122.264762, 29.845391]]], [[[122.302951, 30.499108], [122.31427, 30.491066], [122.321848, 30.49425], [122.302951, 30.499108]]], [[[122.217222, 29.638577], [122.21983, 29.629971], [122.231002, 29.634748], [122.217222, 29.638577]]], [[[122.703247, 30.19732], [122.70807, 30.188476], [122.711564, 30.209357], [122.704724, 30.207065], [122.703247, 30.19732]]], [[[122.426918, 30.032094], [122.433463, 30.022004], [122.428197, 30.038656], [122.426918, 30.032094]]], [[[122.189564, 29.810007], [122.195618, 29.804704], [122.201179, 29.815227], [122.190598, 29.820652], [122.183708, 29.815186], [122.189564, 29.810007]]], [[[122.52554, 30.221557], [122.529428, 30.230439], [122.516682, 30.231339], [122.52554, 30.221557]]], [[[121.943697, 30.77709], [121.955607, 30.75686], [121.958609, 30.740493], [121.961119, 30.705877], [121.968205, 30.688361], [121.997044, 30.658821], [122.015007, 30.645291], [122.024406, 30.643701], [122.052851, 30.625399], [122.071011, 30.611294], [122.090745, 30.600325], [122.123078, 30.598368], [122.133265, 30.595514], [122.136907, 30.600244], [122.134298, 30.612394], [122.12672, 30.609826], [122.113629, 30.613781], [122.11358, 30.621078], [122.102113, 30.622994], [122.07918, 30.634775], [122.081592, 30.639666], [122.072536, 30.649448], [122.063284, 30.650222], [122.034495, 30.661633], [122.024357, 30.662489], [122.010971, 30.669497], [121.992812, 30.695368], [121.988235, 30.711172], [121.990794, 30.739353], [121.987989, 30.753318], [121.969731, 30.789178], [121.943697, 30.77709]]], [[[122.636072, 30.204281], [122.643848, 30.197853], [122.646308, 30.18692], [122.654527, 30.189704], [122.650344, 30.210995], [122.640895, 30.210913], [122.636072, 30.204281]]], [[[122.269683, 30.222621], [122.282823, 30.227942], [122.274653, 30.230234], [122.269683, 30.222621]]], [[[122.18233, 29.650764], [122.192517, 29.655334], [122.211366, 29.692255], [122.200785, 29.711183], [122.182133, 29.728833], [122.146651, 29.749647], [122.141385, 29.75779], [122.137842, 29.774527], [122.131395, 29.78863], [122.120863, 29.790973], [122.10856, 29.783655], [122.083659, 29.783203], [122.071405, 29.7728], [122.065155, 29.749893], [122.047881, 29.717972], [122.073816, 29.701802], [122.079968, 29.70139], [122.095962, 29.716491], [122.109052, 29.713899], [122.111168, 29.70032], [122.125686, 29.693119], [122.133117, 29.683036], [122.132822, 29.668548], [122.141484, 29.660521], [122.158117, 29.655293], [122.174358, 29.659945], [122.18233, 29.650764]]], [[[122.232626, 29.682666], [122.234594, 29.672005], [122.24296, 29.675298], [122.232626, 29.682666]]], [[[122.466239, 30.74318], [122.470077, 30.752585], [122.452607, 30.757592], [122.452115, 30.743343], [122.466239, 30.74318]]], [[[122.358807, 30.600081], [122.356543, 30.593353], [122.374358, 30.587399], [122.358807, 30.600081]]], [[[122.077901, 30.596411], [122.055164, 30.591681], [122.055607, 30.585482], [122.071749, 30.572553], [122.085233, 30.578834], [122.082231, 30.587236], [122.100096, 30.592415], [122.077901, 30.596411]]], [[[122.36176, 29.839556], [122.369289, 29.828091], [122.375933, 29.825748], [122.378788, 29.834379], [122.371209, 29.835529], [122.376868, 29.841734], [122.36176, 29.839556]]], [[[122.229968, 29.661056], [122.245913, 29.654716], [122.243502, 29.661015], [122.229968, 29.661056]]], [[[122.461367, 29.943877], [122.459546, 29.948638], [122.449162, 29.939238], [122.456987, 29.92569], [122.461367, 29.943877]]], [[[122.570717, 30.644313], [122.568798, 30.65442], [122.582922, 30.655113], [122.587893, 30.665341], [122.575639, 30.66583], [122.558709, 30.679072], [122.555757, 30.667419], [122.54803, 30.663467], [122.547046, 30.650752], [122.570717, 30.644313]]], [[[122.179377, 30.226428], [122.179082, 30.214884], [122.186415, 30.21779], [122.190942, 30.212264], [122.204574, 30.214106], [122.200244, 30.226755], [122.186956, 30.230644], [122.179377, 30.226428]]], [[[122.424949, 30.6212], [122.423965, 30.612272], [122.432725, 30.61745], [122.424949, 30.6212]]], [[[122.209003, 30.222375], [122.215746, 30.218036], [122.228295, 30.220451], [122.245322, 30.218405], [122.23735, 30.232322], [122.225441, 30.229293], [122.216681, 30.22082], [122.209003, 30.222375]]], [[[122.15546, 29.619429], [122.14419, 29.608474], [122.152704, 29.60695], [122.160824, 29.619346], [122.15546, 29.619429]]], [[[122.065204, 30.179631], [122.065696, 30.192202], [122.055755, 30.200309], [122.04291, 30.201497], [122.040056, 30.196051], [122.030115, 30.198057], [122.017664, 30.186469], [122.024013, 30.162593], [122.033068, 30.161201], [122.059003, 30.17832], [122.065204, 30.179631]]], [[[122.391484, 29.970309], [122.398571, 29.975151], [122.393502, 29.985123], [122.39675, 29.999114], [122.414418, 29.998458], [122.41801, 30.006293], [122.403345, 30.0154], [122.41053, 30.024301], [122.40861, 30.031725], [122.397784, 30.026721], [122.380018, 30.024506], [122.373128, 30.001658], [122.372291, 29.988364], [122.367813, 29.980486], [122.376819, 29.973305], [122.391484, 29.970309]]], [[[121.888087, 30.092078], [121.885774, 30.094742], [121.85979, 30.10171], [121.848667, 30.101218], [121.854081, 30.068179], [121.839809, 30.047268], [121.843156, 30.02869], [121.844041, 30.007893], [121.835232, 29.993001], [121.837004, 29.987174], [121.85039, 29.977285], [121.850882, 29.969652], [121.874258, 29.96481], [121.890941, 29.974495], [121.915646, 29.984097], [121.932821, 29.994806], [121.934199, 30.011749], [121.924849, 30.037877], [121.92475, 30.052598], [121.915597, 30.057273], [121.906935, 30.055797], [121.89537, 30.073303], [121.893402, 30.082691], [121.880114, 30.085274], [121.888087, 30.092078]]], [[[122.325638, 30.226919], [122.332183, 30.220247], [122.335628, 30.227778], [122.325638, 30.226919]]], [[[121.830803, 30.066375], [121.847437, 30.06166], [121.852506, 30.065596], [121.844927, 30.077239], [121.833264, 30.082855], [121.821994, 30.082076], [121.830803, 30.066375]]], [[[122.32239, 29.83257], [122.332872, 29.826652], [122.323965, 29.839515], [122.32239, 29.83257]]], [[[122.038235, 29.759229], [122.024357, 29.756844], [122.011365, 29.74611], [122.016335, 29.714475], [122.029721, 29.716944], [122.031837, 29.736814], [122.043599, 29.742654], [122.043944, 29.753801], [122.038235, 29.759229]]], [[[122.514516, 30.649], [122.514221, 30.641786], [122.522784, 30.643579], [122.514516, 30.649]]], [[[122.1436, 30.610927], [122.149997, 30.619081], [122.13607, 30.61533], [122.1436, 30.610927]]], [[[122.716486, 30.17574], [122.718553, 30.168368], [122.728051, 30.17271], [122.72185, 30.181965], [122.716486, 30.17574]]], [[[122.526278, 30.666767], [122.540894, 30.657884], [122.544881, 30.663344], [122.533365, 30.672268], [122.526278, 30.666767]]], [[[121.940351, 30.114537], [121.923323, 30.106628], [121.911266, 30.095685], [121.916483, 30.083265], [121.929623, 30.078469], [121.928638, 30.06658], [121.945961, 30.064448], [121.957674, 30.084659], [121.963481, 30.10339], [121.950341, 30.113594], [121.940351, 30.114537]]], [[[121.957428, 30.287684], [121.968304, 30.294556], [121.979869, 30.288502], [121.989022, 30.289525], [122.000883, 30.308504], [121.992763, 30.328092], [121.986168, 30.331036], [121.989121, 30.340031], [121.981001, 30.343384], [121.976079, 30.337619], [121.940252, 30.331731], [121.921502, 30.307563], [121.931542, 30.304414], [121.957428, 30.287684]]], [[[122.680856, 30.190523], [122.688434, 30.191301], [122.689222, 30.180982], [122.694094, 30.187698], [122.687007, 30.205345], [122.673178, 30.208334], [122.680856, 30.190523]]], [[[122.226572, 29.808856], [122.224702, 29.801867], [122.239023, 29.801867], [122.226572, 29.808856]]], [[[122.41678, 30.682047], [122.408807, 30.672472], [122.425737, 30.668886], [122.435431, 30.674672], [122.41678, 30.682047]]], [[[121.618106, 30.604811], [121.637397, 30.608847], [121.617712, 30.60848], [121.618106, 30.604811]]], [[[122.127802, 30.218364], [122.129476, 30.207433], [122.140647, 30.214393], [122.151917, 30.21603], [122.146946, 30.222007], [122.127802, 30.218364]]], [[[121.863825, 30.116955], [121.861168, 30.104292], [121.870567, 30.106628], [121.863825, 30.116955]]], [[[122.225047, 29.738294], [122.233561, 29.731013], [122.241287, 29.731918], [122.234299, 29.739775], [122.225047, 29.738294]]], [[[122.178492, 29.978393], [122.16924, 29.988241], [122.141877, 29.974823], [122.14355, 29.968462], [122.154426, 29.971253], [122.170765, 29.966164], [122.182921, 29.955288], [122.19611, 29.954713], [122.199309, 29.960623], [122.178492, 29.978393]]], [[[122.197734, 29.726776], [122.217124, 29.717355], [122.219683, 29.724102], [122.206789, 29.728833], [122.197734, 29.726776]]], [[[122.287941, 29.723938], [122.296848, 29.729985], [122.313187, 29.731466], [122.309545, 29.743518], [122.296602, 29.749606], [122.280017, 29.746233], [122.258364, 29.753307], [122.255706, 29.76108], [122.261021, 29.773622], [122.246159, 29.783367], [122.233856, 29.784477], [122.21422, 29.780366], [122.213285, 29.771525], [122.238236, 29.741996], [122.251573, 29.731178], [122.269978, 29.730725], [122.287941, 29.723938]]], [[[122.153836, 30.578957], [122.167862, 30.583687], [122.156739, 30.584503], [122.153836, 30.578957]]], [[[122.259053, 30.519882], [122.25738, 30.511842], [122.275244, 30.513148], [122.277901, 30.524493], [122.267567, 30.526901], [122.259053, 30.519882]]], [[[122.759941, 30.137073], [122.767126, 30.12347], [122.787943, 30.128223], [122.775639, 30.139203], [122.763435, 30.142112], [122.759941, 30.137073]]], [[[122.192468, 29.796194], [122.175686, 29.797181], [122.182429, 29.788013], [122.198324, 29.785217], [122.202015, 29.790891], [122.192468, 29.796194]]], [[[122.146257, 29.96247], [122.132232, 29.956519], [122.140696, 29.943712], [122.166336, 29.94634], [122.170273, 29.957833], [122.163088, 29.965713], [122.146257, 29.96247]]], [[[122.452115, 29.973469], [122.444683, 29.968216], [122.450244, 29.964728], [122.452115, 29.973469]]], [[[122.467469, 30.408857], [122.476376, 30.403587], [122.477853, 30.410491], [122.467469, 30.408857]]], [[[122.331199, 30.595677], [122.326031, 30.590131], [122.341337, 30.593597], [122.343207, 30.599632], [122.331199, 30.595677]]], [[[122.264122, 30.269888], [122.254574, 30.253235], [122.25423, 30.237356], [122.261612, 30.234736], [122.276277, 30.244232], [122.291878, 30.248324], [122.315844, 30.250165], [122.312941, 30.265142], [122.304821, 30.262523], [122.30177, 30.270052], [122.264122, 30.269888]]], [[[122.283019, 29.860388], [122.293403, 29.852089], [122.309004, 29.849582], [122.323915, 29.852541], [122.329968, 29.85895], [122.343305, 29.86047], [122.342961, 29.870782], [122.348423, 29.878833], [122.340057, 29.883598], [122.319191, 29.878792], [122.301474, 29.883844], [122.284545, 29.875588], [122.283019, 29.860388]]], [[[122.648375, 30.812494], [122.660629, 30.819858], [122.643355, 30.826733], [122.640255, 30.816318], [122.648375, 30.812494]]], [[[122.78125, 30.694187], [122.791732, 30.698423], [122.787647, 30.711498], [122.7906, 30.717444], [122.799508, 30.716467], [122.792815, 30.729499], [122.782086, 30.730028], [122.75748, 30.713901], [122.758218, 30.70213], [122.775196, 30.704167], [122.78125, 30.694187]]], [[[121.977999, 30.100275], [121.966483, 30.097447], [121.973865, 30.084905], [121.982822, 30.095234], [121.977999, 30.100275]]], [[[122.069436, 29.992385], [122.072241, 29.972853], [122.078147, 29.97273], [122.093796, 29.985492], [122.076867, 30.000714], [122.069436, 29.992385]]], [[[122.145322, 29.966328], [122.128393, 29.96641], [122.129033, 29.960541], [122.146454, 29.963496], [122.145322, 29.966328]]], [[[121.981001, 30.06699], [121.99045, 30.07109], [121.988579, 30.083634], [121.981739, 30.083224], [121.975538, 30.075148], [121.981001, 30.06699]]], [[[122.391583, 30.740615], [122.395274, 30.760523], [122.386366, 30.759384], [122.391583, 30.740615]]], [[[122.284988, 30.635835], [122.295766, 30.640726], [122.292616, 30.650548], [122.284742, 30.648714], [122.277212, 30.638933], [122.284988, 30.635835]]], [[[122.16422, 29.799278], [122.174948, 29.797222], [122.180017, 29.802361], [122.174259, 29.807664], [122.161218, 29.8038], [122.16422, 29.799278]]], [[[122.452804, 29.956889], [122.444831, 29.955042], [122.450687, 29.945929], [122.458955, 29.95106], [122.452804, 29.956889]]], [[[122.83627, 30.698708], [122.839911, 30.703759], [122.836811, 30.719155], [122.831053, 30.728521], [122.814616, 30.732879], [122.804232, 30.723024], [122.810777, 30.712476], [122.826821, 30.709136], [122.83627, 30.698708]]], [[[122.132379, 29.983769], [122.143108, 29.978311], [122.143206, 29.987051], [122.132379, 29.983769]]], [[[122.096208, 29.944862], [122.090942, 29.956314], [122.081542, 29.953687], [122.079672, 29.939566], [122.083511, 29.935625], [122.097733, 29.938745], [122.096208, 29.944862]]], [[[122.227852, 29.715627], [122.233364, 29.70999], [122.235382, 29.717725], [122.227852, 29.715627]]], [[[122.213137, 29.958161], [122.237399, 29.944739], [122.273374, 29.932259], [122.274604, 29.93891], [122.239811, 29.960049], [122.20482, 29.973879], [122.19296, 29.975972], [122.213137, 29.958161]]], [[[122.108314, 29.963086], [122.110922, 29.958735], [122.125883, 29.96087], [122.128245, 29.973797], [122.112842, 29.978434], [122.108314, 29.963086]]], [[[121.969091, 30.064038], [121.964071, 30.053787], [121.974997, 30.049523], [121.974406, 30.062111], [121.969091, 30.064038]]], [[[122.028983, 29.955042], [122.031198, 29.935215], [122.037005, 29.929508], [122.047782, 29.93423], [122.058462, 29.952907], [122.05108, 29.964974], [122.042271, 29.964522], [122.028983, 29.955042]]], [[[122.2561, 29.864702], [122.274161, 29.862401], [122.278246, 29.867701], [122.267222, 29.875793], [122.249899, 29.875588], [122.2561, 29.864702]]], [[[122.193747, 29.766262], [122.189171, 29.75524], [122.201277, 29.755487], [122.200342, 29.765151], [122.193747, 29.766262]]], [[[122.288827, 29.93074], [122.291435, 29.924623], [122.30674, 29.922118], [122.315352, 29.931027], [122.311809, 29.942029], [122.301573, 29.941865], [122.288138, 29.936118], [122.288827, 29.93074]]], [[[122.212399, 29.69172], [122.215844, 29.684312], [122.229673, 29.685423], [122.228836, 29.690732], [122.212399, 29.69172]]], [[[122.042418, 29.981635], [122.051424, 29.976834], [122.054672, 29.988693], [122.046749, 29.988693], [122.042418, 29.981635]]], [[[122.300687, 29.894646], [122.299899, 29.890539], [122.314713, 29.88943], [122.309496, 29.896084], [122.300687, 29.894646]]]]}}, {"type": "Feature", "properties": {"adcode": 331000, "name": "台州市", "center": [121.428599, 28.661378], "centroid": [121.136679, 28.757098], "childrenNum": 9, "level": "city", "parent": {"adcode": 330000}, "subFeatureIndex": 9, "acroutes": [100000, 330000]}, "geometry": {"type": "MultiPolygon", "coordinates": [[[[121.60846, 29.169127], [121.564267, 29.173056], [121.555802, 29.168961], [121.53592, 29.139795], [121.529719, 29.136277], [121.508361, 29.140622], [121.484542, 29.142856], [121.470517, 29.147615], [121.450044, 29.159612], [121.431048, 29.159778], [121.407032, 29.156882], [121.401225, 29.160978], [121.403833, 29.17864], [121.385378, 29.196921], [121.378784, 29.199236], [121.366924, 29.189146], [121.356343, 29.186044], [121.361904, 29.173305], [121.345418, 29.145173], [121.348715, 29.135574], [121.336609, 29.121959], [121.323813, 29.117159], [121.316973, 29.105653], [121.308213, 29.11451], [121.298616, 29.114593], [121.295221, 29.092696], [121.271746, 29.101803], [121.270713, 29.11033], [121.256096, 29.114055], [121.258754, 29.129243], [121.257622, 29.149311], [121.264364, 29.1544], [121.253045, 29.157172], [121.251028, 29.163542], [121.238872, 29.175745], [121.232966, 29.186623], [121.233705, 29.196797], [121.225338, 29.203868], [121.202701, 29.203578], [121.173517, 29.20639], [121.164708, 29.2116], [121.174403, 29.223095], [121.158852, 29.244756], [121.166824, 29.258892], [121.179325, 29.258727], [121.175289, 29.278274], [121.180899, 29.292033], [121.196992, 29.303229], [121.201077, 29.312482], [121.190742, 29.312358], [121.194187, 29.322189], [121.180456, 29.32921], [121.175092, 29.323097], [121.163084, 29.325039], [121.160574, 29.340154], [121.149846, 29.330903], [121.133704, 29.338337], [121.122041, 29.336396], [121.117956, 29.33111], [121.120368, 29.318719], [121.117513, 29.304509], [121.096155, 29.305707], [121.099501, 29.317893], [121.074698, 29.322106], [121.056539, 29.322891], [121.04084, 29.309549], [121.024009, 29.308103], [121.020515, 29.317728], [121.005554, 29.319421], [120.990889, 29.309219], [120.964806, 29.306327], [120.956883, 29.282447], [120.942611, 29.289595], [120.928093, 29.291702], [120.915347, 29.303311], [120.904225, 29.295462], [120.903782, 29.276042], [120.891627, 29.270009], [120.890692, 29.260462], [120.897335, 29.253478], [120.900042, 29.240788], [120.882227, 29.239217], [120.867266, 29.24455], [120.862148, 29.252362], [120.853634, 29.253519], [120.838428, 29.237895], [120.82391, 29.229503], [120.806144, 29.234009], [120.776518, 29.225079], [120.783063, 29.221193], [120.773171, 29.205687], [120.77824, 29.19965], [120.759884, 29.189022], [120.749648, 29.176035], [120.731095, 29.164494], [120.712295, 29.143767], [120.722187, 29.130236], [120.734441, 29.13127], [120.746843, 29.122911], [120.736606, 29.11331], [120.723614, 29.119145], [120.709884, 29.098409], [120.701222, 29.097457], [120.694382, 29.086942], [120.704864, 29.075888], [120.702207, 29.060195], [120.691626, 29.052079], [120.70073, 29.044334], [120.693151, 29.040565], [120.701714, 29.022713], [120.713575, 29.035264], [120.724451, 29.023873], [120.720317, 29.012356], [120.72824, 29.009829], [120.72952, 28.99711], [120.72199, 28.995245], [120.726665, 28.98128], [120.717315, 28.973779], [120.69886, 28.972992], [120.696695, 28.980037], [120.677699, 28.977302], [120.673319, 28.973158], [120.673417, 28.959895], [120.659638, 28.937136], [120.664953, 28.923786], [120.663771, 28.916488], [120.64699, 28.90048], [120.619086, 28.895628], [120.60447, 28.890692], [120.590051, 28.881111], [120.579962, 28.869371], [120.56323, 28.861696], [120.542757, 28.867048], [120.533604, 28.866301], [120.533948, 28.879534], [120.525484, 28.878663], [120.514706, 28.890734], [120.509982, 28.874888], [120.494972, 28.86601], [120.502206, 28.857215], [120.498466, 28.849207], [120.486802, 28.846012], [120.481143, 28.828167], [120.473909, 28.839206], [120.441773, 28.841406], [120.426713, 28.831985], [120.415099, 28.822315], [120.408111, 28.806626], [120.409883, 28.798572], [120.40068, 28.785494], [120.386064, 28.787114], [120.368987, 28.763861], [120.369971, 28.740893], [120.362934, 28.734538], [120.347481, 28.730218], [120.343101, 28.721909], [120.351861, 28.723986], [120.355503, 28.712187], [120.349499, 28.704334], [120.331585, 28.701301], [120.324056, 28.686341], [120.32253, 28.6698], [120.336211, 28.654378], [120.357471, 28.646853], [120.356733, 28.637665], [120.349745, 28.633008], [120.353288, 28.626896], [120.368839, 28.618205], [120.371644, 28.606394], [120.381733, 28.599864], [120.3807, 28.581852], [120.371152, 28.573615], [120.361359, 28.580188], [120.349597, 28.574198], [120.332963, 28.580563], [120.322481, 28.573449], [120.326221, 28.56388], [120.322087, 28.554143], [120.311556, 28.557639], [120.290935, 28.539037], [120.292658, 28.511983], [120.304223, 28.506988], [120.313376, 28.522181], [120.324252, 28.512358], [120.336802, 28.509236], [120.341034, 28.49633], [120.36628, 28.499785], [120.379715, 28.498037], [120.387786, 28.479467], [120.398957, 28.465017], [120.405995, 28.480425], [120.419135, 28.491875], [120.414952, 28.496871], [120.414952, 28.512358], [120.422186, 28.522223], [120.422727, 28.533627], [120.430503, 28.534293], [120.434145, 28.553727], [120.4307, 28.568165], [120.441871, 28.573324], [120.446349, 28.584307], [120.471891, 28.586928], [120.493495, 28.577776], [120.501566, 28.56001], [120.524056, 28.55535], [120.528781, 28.548359], [120.541232, 28.543365], [120.549204, 28.533585], [120.554716, 28.535958], [120.567856, 28.531879], [120.572236, 28.537498], [120.583358, 28.530797], [120.598811, 28.53396], [120.624303, 28.533377], [120.627157, 28.547402], [120.621202, 28.55639], [120.631291, 28.564005], [120.640002, 28.557847], [120.649647, 28.563006], [120.63946, 28.577443], [120.653043, 28.585014], [120.669234, 28.579606], [120.687344, 28.582476], [120.701026, 28.592751], [120.70201, 28.606352], [120.709096, 28.611509], [120.729372, 28.603773], [120.743496, 28.611592], [120.757817, 28.604314], [120.758703, 28.591586], [120.782916, 28.590547], [120.793644, 28.583766], [120.798713, 28.588758], [120.798221, 28.576528], [120.802601, 28.572201], [120.825829, 28.566335], [120.829225, 28.555558], [120.843054, 28.542034], [120.83267, 28.524595], [120.845071, 28.514189], [120.854323, 28.515313], [120.86953, 28.491167], [120.894481, 28.485546], [120.91082, 28.48921], [120.914412, 28.495997], [120.92765, 28.505031], [120.944776, 28.503449], [120.954028, 28.498911], [120.954471, 28.509027], [120.962198, 28.509027], [120.95767, 28.494831], [120.965593, 28.482965], [120.98705, 28.481715], [120.99517, 28.473346], [121.002946, 28.478717], [121.01771, 28.478592], [121.025436, 28.472763], [121.036115, 28.481715], [121.049895, 28.478259], [121.070417, 28.480341], [121.076864, 28.484089], [121.078734, 28.495331], [121.085131, 28.500993], [121.088182, 28.51727], [121.104816, 28.537289], [121.121352, 28.532503], [121.129866, 28.521723], [121.145565, 28.523929], [121.156736, 28.520475], [121.16958, 28.505905], [121.180949, 28.478343], [121.195171, 28.473012], [121.19463, 28.467099], [121.209098, 28.458853], [121.206096, 28.455979], [121.214413, 28.43836], [121.226815, 28.435569], [121.222829, 28.422029], [121.236165, 28.422696], [121.25772, 28.408113], [121.251274, 28.405279], [121.246155, 28.385776], [121.227553, 28.384818], [121.222041, 28.372897], [121.204866, 28.368437], [121.21589, 28.351512], [121.205949, 28.318654], [121.173911, 28.277485], [121.155358, 28.274064], [121.147385, 28.263132], [121.146401, 28.236133], [121.136805, 28.168583], [121.123271, 28.148117], [121.108409, 28.139011], [121.121106, 28.125266], [121.135279, 28.070522], [121.13587, 28.050581], [121.140988, 28.031389], [121.149797, 28.025284], [121.176175, 28.022315], [121.238675, 28.028838], [121.261165, 28.034442], [121.282278, 28.054636], [121.297829, 28.06446], [121.307425, 28.088494], [121.310083, 28.110726], [121.328144, 28.134165], [121.33774, 28.135961], [121.343154, 28.127397], [121.361215, 28.126144], [121.37214, 28.131282], [121.3778, 28.150289], [121.391333, 28.159102], [121.402357, 28.197311], [121.419581, 28.218018], [121.446402, 28.238595], [121.456048, 28.250322], [121.459739, 28.271853], [121.477652, 28.284327], [121.488774, 28.301429], [121.499306, 28.305934], [121.525979, 28.303598], [121.564365, 28.28804], [121.571452, 28.279404], [121.571944, 28.258709], [121.579523, 28.24185], [121.624208, 28.250489], [121.634297, 28.259461], [121.637053, 28.269767], [121.649011, 28.278319], [121.645665, 28.296674], [121.656935, 28.318613], [121.669336, 28.333375], [121.672633, 28.347801], [121.666433, 28.344091], [121.66033, 28.355639], [121.635871, 28.347468], [121.63656, 28.359558], [121.646403, 28.365102], [121.658854, 28.378441], [121.658903, 28.392403], [121.687151, 28.400904], [121.692761, 28.407321], [121.691826, 28.418446], [121.681935, 28.440318], [121.664513, 28.444858], [121.671108, 28.472596], [121.667811, 28.485713], [121.652653, 28.502616], [121.64222, 28.520808], [121.63907, 28.549108], [121.634247, 28.562715], [121.615054, 28.571743], [121.596157, 28.575238], [121.586216, 28.586553], [121.568844, 28.626563], [121.557082, 28.644982], [121.540842, 28.655583], [121.587397, 28.67221], [121.646305, 28.682809], [121.679129, 28.698891], [121.689415, 28.719167], [121.694582, 28.772872], [121.70472, 28.804633], [121.702899, 28.825262], [121.69222, 28.855265], [121.687348, 28.863355], [121.660084, 28.869661], [121.668352, 28.872939], [121.704228, 28.863646], [121.738677, 28.856592], [121.759051, 28.85597], [121.774602, 28.863895], [121.776423, 28.879783], [121.772043, 28.898365], [121.743352, 28.954257], [121.718352, 28.970422], [121.711265, 28.986005], [121.71535, 29.012274], [121.712643, 29.028926], [121.699454, 29.039985], [121.658952, 29.058497], [121.651915, 29.075888], [121.65536, 29.092738], [121.661511, 29.106108], [121.659936, 29.118359], [121.616531, 29.143518], [121.60846, 29.169127]]], [[[121.84911, 28.733666], [121.846797, 28.729055], [121.859642, 28.727891], [121.865547, 28.721992], [121.873077, 28.727518], [121.866089, 28.738027], [121.880508, 28.748702], [121.893008, 28.752108], [121.896109, 28.757341], [121.909544, 28.761867], [121.893008, 28.762532], [121.875833, 28.749034], [121.851177, 28.748868], [121.846994, 28.741433], [121.855557, 28.736075], [121.84911, 28.733666]]], [[[121.749651, 28.69058], [121.75226, 28.683349], [121.768254, 28.690746], [121.778687, 28.687629], [121.781689, 28.680066], [121.794041, 28.679608], [121.800045, 28.695317], [121.808559, 28.699431], [121.801571, 28.702423], [121.790006, 28.690913], [121.772732, 28.694195], [121.780508, 28.699182], [121.765252, 28.705124], [121.761856, 28.689333], [121.749651, 28.69058]]], [[[121.387347, 28.119292], [121.401569, 28.122968], [121.401323, 28.129862], [121.387347, 28.119292]]], [[[121.919928, 28.707285], [121.920617, 28.704916], [121.942664, 28.720663], [121.916581, 28.717215], [121.919928, 28.707285]]], [[[121.837349, 28.770505], [121.843254, 28.770629], [121.862693, 28.78209], [121.865498, 28.799361], [121.872388, 28.807871], [121.861561, 28.813765], [121.850734, 28.808286], [121.857034, 28.803637], [121.852949, 28.793092], [121.844386, 28.788816], [121.850538, 28.784747], [121.837349, 28.770505]]], [[[121.687397, 28.384526], [121.686118, 28.374648], [121.69532, 28.381317], [121.687397, 28.384526]]], [[[121.889563, 28.471513], [121.908313, 28.479092], [121.918943, 28.497371], [121.899455, 28.500701], [121.896994, 28.514231], [121.8873, 28.511359], [121.880065, 28.501909], [121.87037, 28.500035], [121.871305, 28.49429], [121.883658, 28.495456], [121.883116, 28.484089], [121.874111, 28.47701], [121.876128, 28.472554], [121.889563, 28.471513]]], [[[121.678588, 28.278319], [121.688775, 28.273939], [121.686413, 28.2895], [121.677604, 28.285954], [121.678588, 28.278319]]], [[[121.410674, 28.079425], [121.410526, 28.101617], [121.400831, 28.092506], [121.40718, 28.089873], [121.404227, 28.077627], [121.410674, 28.079425]]], [[[121.869534, 28.423946], [121.88602, 28.433986], [121.893451, 28.430278], [121.910823, 28.440068], [121.920617, 28.45273], [121.889711, 28.451189], [121.871256, 28.433111], [121.869534, 28.423946]]], [[[121.687397, 29.09667], [121.697092, 29.094062], [121.691777, 29.11124], [121.681885, 29.109336], [121.687397, 29.09667]]], [[[121.695271, 29.088474], [121.694385, 29.084707], [121.710084, 29.082719], [121.695271, 29.088474]]], [[[121.672633, 29.062224], [121.665842, 29.059615], [121.680507, 29.054688], [121.672633, 29.062224]]], [[[121.67908, 28.371063], [121.687348, 28.366269], [121.688431, 28.373064], [121.67908, 28.371063]]], [[[121.851227, 28.423487], [121.860872, 28.426737], [121.855607, 28.431819], [121.851227, 28.423487]]], [[[121.634592, 28.225448], [121.644828, 28.222985], [121.644927, 28.232836], [121.634592, 28.225448]]], [[[121.502062, 28.072235], [121.511068, 28.077084], [121.516137, 28.087199], [121.527111, 28.086363], [121.532279, 28.093426], [121.528834, 28.101742], [121.504867, 28.085736], [121.502062, 28.072235]]], [[[121.346353, 28.087784], [121.356786, 28.089121], [121.372091, 28.099903], [121.373961, 28.10989], [121.359443, 28.098065], [121.345565, 28.096059], [121.346353, 28.087784]]], [[[121.81727, 28.610428], [121.803933, 28.599115], [121.823274, 28.607267], [121.81727, 28.610428]]], [[[121.685576, 29.115917], [121.694385, 29.113061], [121.690153, 29.120883], [121.685576, 29.115917]]], [[[121.145122, 28.013239], [121.166185, 28.021771], [121.149649, 28.019805], [121.145122, 28.013239]]], [[[121.940105, 28.441526], [121.945174, 28.436652], [121.94355, 28.450731], [121.940105, 28.441526]]]]}}, {"type": "Feature", "properties": {"adcode": 331100, "name": "丽水市", "center": [119.921786, 28.451993], "centroid": [119.517145, 28.197644], "childrenNum": 9, "level": "city", "parent": {"adcode": 330000}, "subFeatureIndex": 10, "acroutes": [100000, 330000]}, "geometry": {"type": "MultiPolygon", "coordinates": [[[[120.426713, 28.831985], [120.418101, 28.851655], [120.406881, 28.845182], [120.404715, 28.853813], [120.392954, 28.847132], [120.392855, 28.834558], [120.388475, 28.829454], [120.368446, 28.838044], [120.357914, 28.839372], [120.347284, 28.858252], [120.338278, 28.860244], [120.331388, 28.868914], [120.316428, 28.876879], [120.315394, 28.887042], [120.303239, 28.892808], [120.314312, 28.9191], [120.303977, 28.931664], [120.277894, 28.930544], [120.271004, 28.950112], [120.264951, 28.93896], [120.255453, 28.931], [120.258603, 28.927103], [120.250729, 28.913792], [120.261752, 28.911429], [120.260719, 28.865471], [120.241821, 28.857256], [120.236506, 28.844808], [120.216526, 28.832608], [120.215148, 28.825885], [120.20186, 28.810029], [120.200335, 28.80181], [120.209341, 28.795832], [120.198858, 28.783958], [120.183553, 28.785162], [120.178435, 28.775239], [120.165344, 28.774325], [120.145561, 28.784], [120.131437, 28.759708], [120.111309, 28.762324], [120.109882, 28.767224], [120.097037, 28.768553], [120.083946, 28.787031], [120.049202, 28.763155], [120.028976, 28.758047], [120.025679, 28.764151], [120.010669, 28.772207], [120.005304, 28.780886], [119.982421, 28.796662], [119.971643, 28.794255], [119.967607, 28.787819], [119.948562, 28.787197], [119.942164, 28.793009], [119.921298, 28.796164], [119.921003, 28.784], [119.906731, 28.768553], [119.89807, 28.750363], [119.886751, 28.744632], [119.882371, 28.7492], [119.87179, 28.742306], [119.874448, 28.73541], [119.86618, 28.718503], [119.849644, 28.716591], [119.826367, 28.695317], [119.813867, 28.68684], [119.811751, 28.65392], [119.794969, 28.632883], [119.777252, 28.630887], [119.764949, 28.638704], [119.752449, 28.635253], [119.749398, 28.622696], [119.772725, 28.608556], [119.773955, 28.603233], [119.767065, 28.588009], [119.754122, 28.592668], [119.7399, 28.591462], [119.739309, 28.584848], [119.720461, 28.56596], [119.717705, 28.553769], [119.707813, 28.545738], [119.703581, 28.533211], [119.674742, 28.530006], [119.660224, 28.539953], [119.644722, 28.541867], [119.638276, 28.528508], [119.629171, 28.525386], [119.613374, 28.5278], [119.574201, 28.523888], [119.568492, 28.532295], [119.542458, 28.532628], [119.535175, 28.543782], [119.53488, 28.555724], [119.514653, 28.561675], [119.498413, 28.54865], [119.494427, 28.554018], [119.498068, 28.584848], [119.509879, 28.603357], [119.507911, 28.615335], [119.488423, 28.626438], [119.482025, 28.639453], [119.468442, 28.633632], [119.461208, 28.634879], [119.455696, 28.650886], [119.462241, 28.661237], [119.458895, 28.683848], [119.46421, 28.70824], [119.460814, 28.73944], [119.463767, 28.742306], [119.479663, 28.739647], [119.473019, 28.749782], [119.470854, 28.765356], [119.430696, 28.755596], [119.421198, 28.749159], [119.413619, 28.751983], [119.412438, 28.76166], [119.387684, 28.786948], [119.371887, 28.784789], [119.368737, 28.774118], [119.359534, 28.768304], [119.358206, 28.761037], [119.346247, 28.757008], [119.338422, 28.761161], [119.327694, 28.779806], [119.328629, 28.800565], [119.322428, 28.800897], [119.311503, 28.811897], [119.302644, 28.80401], [119.291325, 28.806003], [119.276512, 28.802931], [119.271148, 28.786532], [119.255745, 28.776152], [119.24851, 28.763612], [119.238028, 28.761992], [119.213569, 28.768968], [119.187536, 28.770173], [119.169573, 28.748868], [119.161207, 28.748162], [119.137683, 28.738027], [119.122378, 28.737072], [119.097132, 28.743261], [119.087831, 28.735203], [119.080793, 28.740146], [119.063962, 28.733541], [119.047575, 28.722159], [119.043687, 28.71227], [119.02971, 28.709694], [119.007958, 28.694569], [119.001659, 28.683058], [118.991472, 28.676491], [118.983992, 28.663856], [118.962683, 28.642405], [118.956974, 28.647394], [118.930202, 28.640534], [118.925527, 28.63359], [118.923657, 28.619244], [118.916619, 28.610885], [118.917112, 28.599739], [118.909139, 28.589756], [118.908549, 28.574447], [118.91406, 28.563921], [118.902938, 28.548859], [118.890192, 28.539745], [118.889306, 28.533003], [118.878332, 28.522056], [118.868046, 28.521723], [118.864552, 28.529923], [118.854562, 28.532212], [118.851019, 28.53962], [118.83842, 28.539911], [118.821786, 28.547444], [118.809385, 28.536249], [118.795359, 28.534335], [118.780546, 28.526552], [118.777298, 28.518435], [118.765142, 28.524096], [118.751215, 28.52447], [118.7428, 28.509152], [118.726953, 28.499827], [118.723164, 28.493249], [118.729709, 28.479508], [118.725379, 28.460894], [118.731136, 28.456479], [118.723951, 28.433153], [118.723459, 28.411196], [118.734975, 28.416779], [118.753233, 28.417321], [118.757564, 28.407488], [118.738371, 28.369813], [118.742012, 28.364435], [118.724001, 28.338337], [118.717898, 28.33817], [118.701904, 28.327078], [118.700182, 28.310397], [118.713518, 28.312899], [118.722327, 28.31048], [118.730152, 28.2968], [118.727298, 28.281115], [118.739355, 28.27736], [118.740881, 28.267514], [118.754513, 28.253452], [118.781186, 28.243102], [118.802052, 28.240431], [118.812387, 28.225573], [118.804168, 28.207874], [118.794769, 28.205953], [118.782121, 28.193178], [118.769276, 28.185746], [118.760959, 28.167413], [118.775182, 28.167998], [118.782908, 28.172633], [118.798115, 28.168917], [118.805891, 28.153088], [118.800428, 28.13312], [118.802298, 28.117286], [118.785369, 28.106715], [118.773607, 28.107968], [118.765142, 28.102912], [118.763518, 28.094721], [118.743144, 28.088536], [118.73532, 28.074994], [118.718784, 28.063624], [118.720359, 28.045438], [118.732662, 28.035947], [118.733499, 28.026455], [118.726609, 28.014201], [118.72656, 28.000399], [118.732514, 27.990904], [118.729906, 27.97258], [118.753479, 27.948018], [118.754168, 27.942745], [118.767111, 27.941824], [118.804562, 27.927092], [118.803725, 27.918302], [118.81844, 27.916711], [118.820408, 27.89536], [118.831531, 27.886316], [118.82656, 27.874843], [118.835763, 27.866509], [118.826314, 27.846614], [118.835418, 27.838195], [118.838814, 27.820641], [118.847131, 27.812513], [118.851462, 27.796003], [118.839405, 27.788585], [118.839995, 27.779322], [118.853972, 27.774251], [118.87218, 27.734424], [118.880645, 27.731153], [118.890438, 27.718741], [118.897968, 27.718909], [118.900084, 27.704985], [118.878479, 27.70532], [118.875035, 27.700958], [118.880546, 27.689297], [118.874641, 27.682795], [118.879907, 27.667944], [118.89531, 27.655566], [118.903726, 27.638864], [118.902643, 27.623671], [118.913913, 27.619138], [118.902741, 27.592313], [118.90407, 27.575979], [118.910222, 27.570352], [118.896048, 27.563129], [118.889011, 27.547505], [118.869178, 27.539903], [118.859631, 27.527594], [118.857859, 27.516671], [118.873607, 27.517764], [118.879907, 27.49957], [118.886501, 27.501251], [118.89034, 27.494107], [118.889454, 27.481332], [118.897722, 27.478978], [118.901462, 27.464688], [118.910763, 27.460862], [118.933352, 27.463595], [118.949198, 27.456364], [118.955448, 27.449849], [118.966029, 27.473346], [118.988322, 27.477255], [118.990439, 27.48856], [118.982761, 27.49604], [118.990734, 27.503352], [118.998903, 27.496335], [119.020803, 27.497931], [119.037191, 27.480617], [119.055301, 27.477591], [119.066423, 27.466957], [119.072525, 27.472253], [119.088126, 27.464099], [119.115095, 27.482845], [119.130744, 27.4728], [119.131286, 27.46309], [119.118884, 27.461451], [119.125921, 27.452203], [119.121394, 27.438329], [119.12853, 27.43177], [119.138766, 27.434419], [119.147526, 27.424832], [119.153973, 27.428532], [119.16849, 27.424874], [119.180252, 27.428238], [119.19477, 27.418735], [119.209485, 27.422099], [119.222674, 27.417053], [119.243441, 27.419828], [119.24728, 27.4295], [119.251069, 27.420753], [119.267851, 27.421468], [119.276463, 27.435512], [119.285026, 27.457626], [119.334682, 27.480029], [119.347674, 27.492763], [119.341867, 27.506797], [119.360027, 27.524402], [119.376808, 27.534988], [119.394968, 27.539272], [119.41667, 27.539651], [119.422674, 27.536584], [119.432861, 27.513016], [119.438472, 27.508772], [119.45171, 27.51352], [119.466523, 27.52646], [119.474643, 27.539314], [119.477497, 27.553847], [119.48483, 27.570394], [119.481877, 27.585679], [119.488718, 27.59882], [119.500923, 27.608224], [119.49797, 27.625896], [119.501169, 27.649901], [119.511503, 27.653468], [119.52046, 27.650069], [119.525923, 27.660307], [119.537094, 27.658923], [119.541917, 27.663916], [119.539161, 27.67537], [119.549299, 27.670167], [119.550135, 27.663832], [119.566523, 27.663748], [119.578925, 27.669832], [119.583945, 27.665175], [119.595018, 27.666895], [119.606238, 27.67474], [119.635569, 27.668405], [119.643, 27.673188], [119.646937, 27.685732], [119.65614, 27.69345], [119.650923, 27.695547], [119.650726, 27.717147], [119.665982, 27.721886], [119.678581, 27.734005], [119.680205, 27.744193], [119.696986, 27.753626], [119.719427, 27.76046], [119.725874, 27.767712], [119.734831, 27.766622], [119.756189, 27.795625], [119.768148, 27.805306], [119.773069, 27.794075], [119.785077, 27.795793], [119.787882, 27.808993], [119.785766, 27.822485], [119.793886, 27.826381], [119.785766, 27.833503], [119.788965, 27.85319], [119.785077, 27.861651], [119.790097, 27.867095], [119.800186, 27.890545], [119.791032, 27.898584], [119.786455, 27.909302], [119.804713, 27.922111], [119.815146, 27.92073], [119.825284, 27.911771], [119.83306, 27.911353], [119.843099, 27.92705], [119.85117, 27.932198], [119.831436, 27.951617], [119.833601, 27.956178], [119.854861, 27.961911], [119.861997, 27.949525], [119.865688, 27.950864], [119.86554, 27.966388], [119.875235, 27.974128], [119.892115, 27.951366], [119.90683, 27.954253], [119.928631, 27.968814], [119.96244, 27.97622], [119.968739, 27.962496], [119.962145, 27.950236], [119.966919, 27.937597], [120.001269, 27.941029], [120.009389, 27.947892], [120.020511, 27.939606], [120.031781, 27.941322], [120.043001, 27.951115], [120.063572, 27.951073], [120.064311, 27.961241], [120.074301, 27.972287], [120.084389, 27.967099], [120.096889, 27.980613], [120.11746, 27.982621], [120.143888, 27.976596], [120.145758, 27.979692], [120.171939, 27.978563], [120.176713, 27.972203], [120.174842, 27.960404], [120.178337, 27.952956], [120.187835, 27.948562], [120.202057, 27.935965], [120.218691, 27.93563], [120.229961, 27.931361], [120.241575, 27.934961], [120.24561, 27.943415], [120.248957, 27.964003], [120.257471, 27.96735], [120.265591, 27.95714], [120.276516, 27.959609], [120.295168, 27.977057], [120.324646, 27.978981], [120.328928, 27.966681], [120.336064, 27.970697], [120.349154, 27.987683], [120.335522, 27.990444], [120.344479, 28.019011], [120.348711, 28.021018], [120.34881, 28.034902], [120.344922, 28.040003], [120.350286, 28.052588], [120.357176, 28.050581], [120.372432, 28.054929], [120.37381, 28.066174], [120.362294, 28.080093], [120.368446, 28.088912], [120.383652, 28.09539], [120.390542, 28.094303], [120.411851, 28.11457], [120.405601, 28.124222], [120.408013, 28.131617], [120.38567, 28.14206], [120.385916, 28.147365], [120.421546, 28.160188], [120.413672, 28.172633], [120.422087, 28.182823], [120.431044, 28.186915], [120.425188, 28.196351], [120.41195, 28.199482], [120.415788, 28.213927], [120.438426, 28.234463], [120.433505, 28.246984], [120.421448, 28.253827], [120.426418, 28.268056], [120.417019, 28.288832], [120.414164, 28.302931], [120.402796, 28.305976], [120.394971, 28.315485], [120.377698, 28.31757], [120.369971, 28.331332], [120.357914, 28.32883], [120.346595, 28.335126], [120.360768, 28.3453], [120.359883, 28.359391], [120.353485, 28.367228], [120.334686, 28.371355], [120.33503, 28.384484], [120.344725, 28.392444], [120.337638, 28.395528], [120.331684, 28.407571], [120.338819, 28.412363], [120.33818, 28.427112], [120.34379, 28.431903], [120.366723, 28.424279], [120.374302, 28.410821], [120.381684, 28.42557], [120.381044, 28.436277], [120.372137, 28.446982], [120.384341, 28.458894], [120.387786, 28.479467], [120.379715, 28.498037], [120.36628, 28.499785], [120.341034, 28.49633], [120.336802, 28.509236], [120.324252, 28.512358], [120.313376, 28.522181], [120.304223, 28.506988], [120.292658, 28.511983], [120.290935, 28.539037], [120.311556, 28.557639], [120.322087, 28.554143], [120.326221, 28.56388], [120.322481, 28.573449], [120.332963, 28.580563], [120.349597, 28.574198], [120.361359, 28.580188], [120.371152, 28.573615], [120.3807, 28.581852], [120.381733, 28.599864], [120.371644, 28.606394], [120.368839, 28.618205], [120.353288, 28.626896], [120.349745, 28.633008], [120.356733, 28.637665], [120.357471, 28.646853], [120.336211, 28.654378], [120.32253, 28.6698], [120.324056, 28.686341], [120.331585, 28.701301], [120.349499, 28.704334], [120.355503, 28.712187], [120.351861, 28.723986], [120.343101, 28.721909], [120.347481, 28.730218], [120.362934, 28.734538], [120.369971, 28.740893], [120.368987, 28.763861], [120.386064, 28.787114], [120.40068, 28.785494], [120.409883, 28.798572], [120.408111, 28.806626], [120.415099, 28.822315], [120.426713, 28.831985]]]]}}, {"type": "Feature", "properties": {"adcode": 310101, "name": "黄浦区", "center": [121.490317, 31.222771], "centroid": [121.483572, 31.215946], "childrenNum": 0, "level": "district", "parent": {"adcode": 310000}, "subFeatureIndex": 0, "acroutes": [100000, 310000]}, "geometry": {"type": "MultiPolygon", "coordinates": [[[[121.457689, 31.220196], [121.460707, 31.213488], [121.461555, 31.210194], [121.462264, 31.203173], [121.466449, 31.204395], [121.46745, 31.203065], [121.469605, 31.196404], [121.470383, 31.191276], [121.474944, 31.189886], [121.475987, 31.187885], [121.490752, 31.191467], [121.494631, 31.192857], [121.498066, 31.195601], [121.501319, 31.199747], [121.508368, 31.210158], [121.509911, 31.214506], [121.509397, 31.218459], [121.506741, 31.223119], [121.502014, 31.228018], [121.495744, 31.232977], [121.493491, 31.23615], [121.493491, 31.240163], [121.494826, 31.24221], [121.487805, 31.244186], [121.485969, 31.244091], [121.482994, 31.241923], [121.47892, 31.240294], [121.474847, 31.24142], [121.469563, 31.239216], [121.462973, 31.241396], [121.466129, 31.234917], [121.467658, 31.225634], [121.467464, 31.223862], [121.456758, 31.223898], [121.457689, 31.220196]]]]}}, {"type": "Feature", "properties": {"adcode": 310104, "name": "徐汇区", "center": [121.43752, 31.179973], "centroid": [121.439405, 31.162992], "childrenNum": 0, "level": "district", "parent": {"adcode": 310000}, "subFeatureIndex": 1, "acroutes": [100000, 310000]}, "geometry": {"type": "MultiPolygon", "coordinates": [[[[121.457689, 31.220196], [121.452184, 31.217429], [121.44697, 31.215812], [121.439462, 31.214482], [121.43746, 31.211535], [121.435235, 31.21114], [121.437933, 31.203976], [121.433025, 31.20128], [121.423793, 31.197314], [121.421638, 31.19535], [121.422027, 31.192294], [121.419719, 31.190796], [121.412572, 31.19112], [121.41356, 31.18683], [121.415256, 31.187357], [121.415158, 31.183391], [121.41146, 31.182037], [121.400101, 31.178813], [121.398349, 31.179904], [121.398071, 31.178226], [121.394442, 31.177879], [121.395415, 31.174595], [121.39269, 31.173085], [121.394053, 31.169489], [121.391508, 31.168686], [121.394567, 31.159601], [121.402645, 31.162226], [121.404578, 31.157588], [121.401867, 31.157528], [121.395874, 31.15585], [121.396931, 31.152685], [121.401449, 31.153776], [121.400977, 31.155214], [121.404953, 31.156689], [121.411293, 31.14174], [121.41381, 31.13728], [121.418398, 31.131669], [121.421526, 31.127137], [121.436445, 31.129043], [121.43853, 31.121729], [121.438836, 31.119103], [121.435736, 31.113539], [121.438002, 31.1121], [121.441547, 31.112568], [121.445788, 31.114954], [121.446706, 31.114282], [121.450807, 31.115398], [121.450154, 31.112819], [121.452364, 31.108586], [121.447623, 31.107423], [121.446275, 31.105744], [121.451878, 31.103849], [121.452629, 31.101234], [121.455423, 31.100755], [121.462862, 31.101954], [121.463237, 31.108586], [121.465211, 31.1121], [121.469299, 31.118731], [121.469674, 31.124859], [121.468729, 31.127868], [121.462431, 31.134463], [121.457453, 31.142232], [121.457453, 31.146451], [121.460387, 31.150276], [121.46574, 31.155118], [121.468354, 31.158091], [121.469369, 31.162298], [121.468159, 31.167092], [121.464905, 31.17541], [121.464905, 31.178022], [121.466254, 31.18109], [121.468729, 31.184122], [121.475987, 31.187885], [121.474944, 31.189886], [121.470383, 31.191276], [121.469605, 31.196404], [121.46745, 31.203065], [121.466449, 31.204395], [121.462264, 31.203173], [121.461555, 31.210194], [121.460707, 31.213488], [121.457689, 31.220196]]]]}}, {"type": "Feature", "properties": {"adcode": 310105, "name": "长宁区", "center": [121.4222, 31.218123], "centroid": [121.380949, 31.20737], "childrenNum": 0, "level": "district", "parent": {"adcode": 310000}, "subFeatureIndex": 2, "acroutes": [100000, 310000]}, "geometry": {"type": "MultiPolygon", "coordinates": [[[[121.439462, 31.214482], [121.436167, 31.220675], [121.435416, 31.225071], [121.434304, 31.225886], [121.429034, 31.223095], [121.427713, 31.224221], [121.427519, 31.229288], [121.423334, 31.228114], [121.419941, 31.225191], [121.415617, 31.228581], [121.414853, 31.228054], [121.415965, 31.224473], [121.414157, 31.223359], [121.408707, 31.222364], [121.403799, 31.22058], [121.400462, 31.220807], [121.399712, 31.218711], [121.388658, 31.218639], [121.37691, 31.220687], [121.373197, 31.220089], [121.371404, 31.222508], [121.366691, 31.224065], [121.366065, 31.226006], [121.362102, 31.22597], [121.359071, 31.229827], [121.354177, 31.237121], [121.352856, 31.238342], [121.348741, 31.239372], [121.350131, 31.241839], [121.348922, 31.243863], [121.347281, 31.243192], [121.346822, 31.241037], [121.344612, 31.243552], [121.345585, 31.239887], [121.340872, 31.239947], [121.338355, 31.237528], [121.343513, 31.234306], [121.345376, 31.23039], [121.345362, 31.227886], [121.341581, 31.226293], [121.340997, 31.224269], [121.345627, 31.223526], [121.343096, 31.223071], [121.342457, 31.217789], [121.33937, 31.216615], [121.339996, 31.212278], [121.338508, 31.212182], [121.338438, 31.20666], [121.338925, 31.196644], [121.33734, 31.195817], [121.338049, 31.192618], [121.331806, 31.189622], [121.338341, 31.180108], [121.341414, 31.179436], [121.351424, 31.183499], [121.353301, 31.181629], [121.356958, 31.182768], [121.358321, 31.186015], [121.360253, 31.185296], [121.365954, 31.185572], [121.38001, 31.190065], [121.391425, 31.191911], [121.412572, 31.19112], [121.419719, 31.190796], [121.422027, 31.192294], [121.421638, 31.19535], [121.423793, 31.197314], [121.433025, 31.20128], [121.437933, 31.203976], [121.435235, 31.21114], [121.43746, 31.211535], [121.439462, 31.214482]]]]}}, {"type": "Feature", "properties": {"adcode": 310106, "name": "静安区", "center": [121.448224, 31.229003], "centroid": [121.450659, 31.270821], "childrenNum": 0, "level": "district", "parent": {"adcode": 310000}, "subFeatureIndex": 3, "acroutes": [100000, 310000]}, "geometry": {"type": "MultiPolygon", "coordinates": [[[[121.457689, 31.220196], [121.456758, 31.223898], [121.467464, 31.223862], [121.467658, 31.225634], [121.466129, 31.234917], [121.462973, 31.241396], [121.469563, 31.239216], [121.474847, 31.24142], [121.47892, 31.240294], [121.482994, 31.241923], [121.481228, 31.247959], [121.479588, 31.249815], [121.481673, 31.250689], [121.479629, 31.253383], [121.480589, 31.255239], [121.480491, 31.258568], [121.474124, 31.263453], [121.469605, 31.267799], [121.464627, 31.274396], [121.462834, 31.275389], [121.461457, 31.278921], [121.461805, 31.284691], [121.460081, 31.289778], [121.462445, 31.292747], [121.46453, 31.297989], [121.463529, 31.306008], [121.467672, 31.306307], [121.468312, 31.316036], [121.468145, 31.32032], [121.465378, 31.321397], [121.457133, 31.321002], [121.4547, 31.319243], [121.447887, 31.317101], [121.44672, 31.319817], [121.436765, 31.319662], [121.436459, 31.32087], [121.433595, 31.32087], [121.432468, 31.318669], [121.434623, 31.312303], [121.432163, 31.31168], [121.431676, 31.309478], [121.432441, 31.305912], [121.431287, 31.303638], [121.426434, 31.303207], [121.426935, 31.298528], [121.42364, 31.297259], [121.420039, 31.296912], [121.418648, 31.292256], [121.419691, 31.291071], [121.423806, 31.291011], [121.422833, 31.28426], [121.424432, 31.280238], [121.424571, 31.27193], [121.425252, 31.270661], [121.429841, 31.274923], [121.432413, 31.271942], [121.437098, 31.269439], [121.442952, 31.267117], [121.451044, 31.256269], [121.44932, 31.252928], [121.451461, 31.251994], [121.450404, 31.247743], [121.448318, 31.245216], [121.449987, 31.2433], [121.445774, 31.241348], [121.435166, 31.235252], [121.431009, 31.235108], [121.427908, 31.231144], [121.427519, 31.229288], [121.427713, 31.224221], [121.429034, 31.223095], [121.434304, 31.225886], [121.435416, 31.225071], [121.436167, 31.220675], [121.439462, 31.214482], [121.44697, 31.215812], [121.452184, 31.217429], [121.457689, 31.220196]]]]}}, {"type": "Feature", "properties": {"adcode": 310107, "name": "普陀区", "center": [121.392499, 31.241701], "centroid": [121.392042, 31.257895], "childrenNum": 0, "level": "district", "parent": {"adcode": 310000}, "subFeatureIndex": 4, "acroutes": [100000, 310000]}, "geometry": {"type": "MultiPolygon", "coordinates": [[[[121.354177, 31.237121], [121.359071, 31.229827], [121.362102, 31.22597], [121.366065, 31.226006], [121.366691, 31.224065], [121.371404, 31.222508], [121.373197, 31.220089], [121.37691, 31.220687], [121.388658, 31.218639], [121.399712, 31.218711], [121.400462, 31.220807], [121.403799, 31.22058], [121.408707, 31.222364], [121.414157, 31.223359], [121.415965, 31.224473], [121.414853, 31.228054], [121.415617, 31.228581], [121.419941, 31.225191], [121.423334, 31.228114], [121.427519, 31.229288], [121.427908, 31.231144], [121.431009, 31.235108], [121.435166, 31.235252], [121.445774, 31.241348], [121.449987, 31.2433], [121.448318, 31.245216], [121.450404, 31.247743], [121.451461, 31.251994], [121.44932, 31.252928], [121.451044, 31.256269], [121.442952, 31.267117], [121.437098, 31.269439], [121.432413, 31.271942], [121.429841, 31.274923], [121.425252, 31.270661], [121.419496, 31.265237], [121.41577, 31.265896], [121.41527, 31.26914], [121.410598, 31.270373], [121.41096, 31.273175], [121.40544, 31.273067], [121.406496, 31.276862], [121.404564, 31.276227], [121.400087, 31.278071], [121.404453, 31.286223], [121.400379, 31.286115], [121.398446, 31.287145], [121.399559, 31.288904], [121.39789, 31.29052], [121.393483, 31.291274], [121.394762, 31.294674], [121.388394, 31.29526], [121.384765, 31.294446], [121.381623, 31.292711], [121.38154, 31.289431], [121.376242, 31.290592], [121.374838, 31.289096], [121.370153, 31.290329], [121.369666, 31.28912], [121.363785, 31.291334], [121.363785, 31.292028], [121.358585, 31.293465], [121.360295, 31.294674], [121.363534, 31.302741], [121.360309, 31.302717], [121.354803, 31.299808], [121.352954, 31.301663], [121.348894, 31.299246], [121.349659, 31.297582], [121.346892, 31.296349], [121.34685, 31.297654], [121.340927, 31.297439], [121.341011, 31.293716], [121.338675, 31.293225], [121.336506, 31.294901], [121.332224, 31.292998], [121.332821, 31.290915], [121.326384, 31.288928], [121.327316, 31.285182], [121.328998, 31.284595], [121.332738, 31.286067], [121.335004, 31.279711], [121.336061, 31.280046], [121.336228, 31.275461], [121.338883, 31.275006], [121.338272, 31.272839], [121.343541, 31.271439], [121.344723, 31.273917], [121.35732, 31.271415], [121.358918, 31.268793], [121.361268, 31.27084], [121.367441, 31.269631], [121.366996, 31.266662], [121.362227, 31.26756], [121.35985, 31.266997], [121.358918, 31.263609], [121.361783, 31.259945], [121.366023, 31.259358], [121.365884, 31.257682], [121.374574, 31.257059], [121.375158, 31.25949], [121.377508, 31.259478], [121.380886, 31.257766], [121.377216, 31.247719], [121.375686, 31.244486], [121.3731, 31.245683], [121.372349, 31.243755], [121.368387, 31.247384], [121.366718, 31.246342], [121.363117, 31.240091], [121.36067, 31.238642], [121.360086, 31.240498], [121.356068, 31.240151], [121.356054, 31.237803], [121.354177, 31.237121]]]]}}, {"type": "Feature", "properties": {"adcode": 310109, "name": "虹口区", "center": [121.491832, 31.26097], "centroid": [121.485443, 31.276649], "childrenNum": 0, "level": "district", "parent": {"adcode": 310000}, "subFeatureIndex": 5, "acroutes": [100000, 310000]}, "geometry": {"type": "MultiPolygon", "coordinates": [[[[121.485413, 31.311573], [121.485372, 31.314636], [121.479171, 31.314696], [121.472956, 31.315797], [121.468312, 31.316036], [121.467672, 31.306307], [121.463529, 31.306008], [121.46453, 31.297989], [121.462445, 31.292747], [121.460081, 31.289778], [121.461805, 31.284691], [121.461457, 31.278921], [121.462834, 31.275389], [121.464627, 31.274396], [121.469605, 31.267799], [121.474124, 31.263453], [121.480491, 31.258568], [121.480589, 31.255239], [121.479629, 31.253383], [121.481673, 31.250689], [121.479588, 31.249815], [121.481228, 31.247959], [121.482994, 31.241923], [121.485969, 31.244091], [121.487805, 31.244186], [121.494826, 31.24221], [121.500012, 31.244989], [121.50688, 31.246474], [121.516488, 31.246953], [121.516001, 31.251599], [121.517642, 31.251862], [121.514569, 31.256317], [121.508479, 31.262639], [121.50631, 31.266746], [121.506505, 31.270589], [121.499915, 31.275904], [121.496564, 31.276407], [121.496049, 31.282991], [121.498149, 31.286259], [121.502709, 31.289658], [121.500652, 31.295488], [121.493644, 31.293884], [121.490168, 31.292603], [121.485664, 31.303483], [121.485413, 31.311573]]]]}}, {"type": "Feature", "properties": {"adcode": 310110, "name": "杨浦区", "center": [121.522797, 31.270755], "centroid": [121.529302, 31.29835], "childrenNum": 0, "level": "district", "parent": {"adcode": 310000}, "subFeatureIndex": 6, "acroutes": [100000, 310000]}, "geometry": {"type": "MultiPolygon", "coordinates": [[[[121.516488, 31.246953], [121.527555, 31.247252], [121.536384, 31.249623], [121.541542, 31.251826], [121.559074, 31.264219], [121.563537, 31.268805], [121.568515, 31.275701], [121.56953, 31.279567], [121.569141, 31.285254], [121.565456, 31.294135], [121.562523, 31.29976], [121.561758, 31.303339], [121.561883, 31.321158], [121.560493, 31.32781], [121.558574, 31.331256], [121.555779, 31.333948], [121.549398, 31.337789], [121.525483, 31.346797], [121.522883, 31.342885], [121.520256, 31.344033], [121.517628, 31.340779], [121.50556, 31.345732], [121.493575, 31.330299], [121.497593, 31.328109], [121.498928, 31.325322], [121.496216, 31.323347], [121.496717, 31.311489], [121.485413, 31.311573], [121.485664, 31.303483], [121.490168, 31.292603], [121.493644, 31.293884], [121.500652, 31.295488], [121.502709, 31.289658], [121.498149, 31.286259], [121.496049, 31.282991], [121.496564, 31.276407], [121.499915, 31.275904], [121.506505, 31.270589], [121.50631, 31.266746], [121.508479, 31.262639], [121.514569, 31.256317], [121.517642, 31.251862], [121.516001, 31.251599], [121.516488, 31.246953]]]]}}, {"type": "Feature", "properties": {"adcode": 310112, "name": "闵行区", "center": [121.375972, 31.111658], "centroid": [121.418901, 31.087213], "childrenNum": 0, "level": "district", "parent": {"adcode": 310000}, "subFeatureIndex": 7, "acroutes": [100000, 310000]}, "geometry": {"type": "MultiPolygon", "coordinates": [[[[121.35871, 30.97786], [121.375227, 30.982832], [121.394261, 30.988247], [121.409333, 30.990229], [121.413184, 30.991069], [121.423973, 30.994515], [121.431426, 30.999174], [121.433636, 31.001779], [121.436834, 31.00406], [121.440811, 31.005789], [121.448305, 31.007458], [121.459942, 31.007398], [121.465587, 31.008755], [121.47144, 31.011948], [121.476362, 31.01334], [121.485872, 31.014073], [121.489153, 31.014949], [121.492879, 31.012752], [121.491948, 31.010039], [121.495924, 30.998297], [121.498872, 30.998213], [121.49883, 30.999426], [121.503057, 31.002716], [121.507881, 31.004745], [121.510412, 31.004553], [121.517002, 31.007626], [121.520853, 31.004445], [121.522105, 31.002199], [121.520089, 31.00256], [121.520325, 30.999354], [121.522897, 30.99981], [121.528612, 30.99592], [121.531962, 30.994815], [121.534507, 30.995848], [121.537774, 30.994683], [121.538233, 30.993146], [121.543294, 30.994203], [121.54613, 30.99305], [121.549537, 30.988307], [121.55279, 30.98886], [121.553304, 30.993026], [121.556224, 30.993374], [121.555918, 30.995152], [121.561494, 30.995644], [121.570475, 30.998345], [121.567959, 31.000879], [121.570712, 31.002295], [121.570253, 31.004565], [121.571463, 31.005633], [121.569725, 31.010603], [121.568181, 31.010063], [121.565859, 31.011912], [121.569822, 31.012452], [121.571018, 31.016426], [121.574674, 31.018634], [121.574758, 31.020951], [121.572325, 31.026677], [121.56839, 31.025284], [121.569057, 31.024396], [121.564302, 31.021191], [121.56027, 31.024132], [121.558699, 31.020255], [121.556474, 31.020255], [121.556516, 31.01873], [121.554139, 31.01861], [121.552262, 31.020915], [121.552804, 31.023268], [121.555765, 31.022908], [121.558407, 31.024528], [121.558254, 31.029533], [121.559505, 31.030278], [121.559464, 31.041391], [121.562119, 31.043635], [121.559811, 31.044812], [121.557031, 31.04798], [121.556127, 31.047632], [121.554737, 31.050824], [121.552693, 31.0493], [121.550538, 31.049396], [121.54955, 31.047908], [121.547799, 31.048544], [121.54588, 31.047044], [121.541472, 31.046396], [121.542307, 31.049072], [121.540791, 31.052528], [121.54328, 31.054016], [121.543308, 31.055696], [121.548383, 31.056896], [121.547201, 31.061647], [121.548549, 31.063639], [121.551094, 31.063795], [121.551789, 31.065643], [121.556753, 31.06737], [121.55279, 31.069506], [121.555599, 31.071689], [121.559033, 31.072169], [121.557531, 31.073357], [121.562675, 31.074305], [121.56262, 31.075121], [121.567639, 31.0762], [121.575272, 31.080063], [121.572658, 31.081323], [121.571643, 31.080063], [121.569766, 31.081611], [121.563579, 31.082486], [121.561563, 31.08365], [121.557031, 31.082702], [121.556405, 31.081059], [121.553555, 31.080303], [121.550565, 31.082834], [121.548549, 31.086889], [121.551539, 31.088148], [121.551608, 31.090128], [121.559088, 31.091951], [121.561563, 31.09357], [121.561855, 31.091867], [121.564358, 31.091891], [121.567264, 31.09363], [121.566819, 31.096569], [121.563315, 31.098955], [121.562064, 31.101258], [121.563649, 31.101858], [121.561132, 31.105264], [121.561396, 31.106224], [121.557851, 31.109797], [121.559867, 31.111896], [121.556697, 31.113083], [121.555279, 31.114882], [121.553332, 31.112688], [121.552317, 31.113899], [121.549217, 31.113419], [121.550426, 31.11162], [121.547687, 31.109653], [121.544225, 31.111464], [121.542251, 31.116153], [121.539526, 31.115626], [121.537885, 31.113983], [121.535341, 31.117976], [121.532254, 31.117208], [121.53142, 31.11842], [121.525289, 31.116741], [121.522869, 31.115242], [121.521424, 31.116309], [121.514513, 31.115278], [121.513749, 31.118012], [121.511343, 31.12119], [121.50549, 31.120002], [121.503863, 31.118324], [121.505295, 31.115494], [121.501583, 31.114666], [121.498538, 31.121501], [121.49281, 31.118719], [121.490266, 31.124283], [121.485969, 31.124523], [121.485705, 31.121933], [121.48191, 31.120086], [121.481256, 31.118024], [121.477446, 31.117328], [121.481353, 31.110697], [121.477321, 31.110853], [121.474137, 31.114354], [121.473984, 31.112915], [121.470286, 31.110937], [121.465211, 31.1121], [121.463237, 31.108586], [121.462862, 31.101954], [121.455423, 31.100755], [121.452629, 31.101234], [121.451878, 31.103849], [121.446275, 31.105744], [121.447623, 31.107423], [121.452364, 31.108586], [121.450154, 31.112819], [121.450807, 31.115398], [121.446706, 31.114282], [121.445788, 31.114954], [121.441547, 31.112568], [121.438002, 31.1121], [121.435736, 31.113539], [121.438836, 31.119103], [121.43853, 31.121729], [121.436445, 31.129043], [121.421526, 31.127137], [121.418398, 31.131669], [121.41381, 31.13728], [121.411293, 31.14174], [121.404953, 31.156689], [121.400977, 31.155214], [121.401449, 31.153776], [121.396931, 31.152685], [121.395874, 31.15585], [121.401867, 31.157528], [121.404578, 31.157588], [121.402645, 31.162226], [121.394567, 31.159601], [121.391508, 31.168686], [121.394053, 31.169489], [121.39269, 31.173085], [121.395415, 31.174595], [121.394442, 31.177879], [121.398071, 31.178226], [121.398349, 31.179904], [121.400101, 31.178813], [121.41146, 31.182037], [121.415158, 31.183391], [121.415256, 31.187357], [121.41356, 31.18683], [121.412572, 31.19112], [121.391425, 31.191911], [121.38001, 31.190065], [121.365954, 31.185572], [121.360253, 31.185296], [121.358321, 31.186015], [121.356958, 31.182768], [121.353301, 31.181629], [121.351424, 31.183499], [121.341414, 31.179436], [121.338341, 31.180108], [121.331806, 31.189622], [121.338049, 31.192618], [121.33734, 31.195817], [121.338925, 31.196644], [121.338438, 31.20666], [121.338508, 31.212182], [121.339996, 31.212278], [121.33937, 31.216615], [121.342457, 31.217789], [121.343096, 31.223071], [121.345627, 31.223526], [121.340997, 31.224269], [121.341581, 31.226293], [121.345362, 31.227886], [121.345376, 31.23039], [121.343513, 31.234306], [121.338355, 31.237528], [121.334935, 31.235887], [121.333878, 31.232006], [121.32612, 31.229575], [121.322853, 31.229623], [121.315386, 31.227204], [121.302998, 31.230605], [121.296922, 31.231048], [121.29264, 31.232761], [121.288538, 31.238198], [121.287301, 31.243276], [121.283742, 31.245192], [121.28142, 31.248174], [121.284228, 31.251838], [121.280363, 31.251886], [121.275302, 31.253527], [121.271284, 31.252258], [121.264444, 31.256496], [121.263985, 31.259155], [121.260217, 31.258328], [121.254405, 31.259634], [121.254183, 31.258688], [121.247314, 31.253287], [121.24591, 31.248821], [121.241683, 31.247348], [121.239932, 31.241061], [121.241391, 31.240222], [121.247912, 31.240917], [121.249692, 31.236534], [121.251082, 31.238198], [121.252792, 31.236965], [121.254155, 31.23312], [121.257158, 31.230701], [121.258006, 31.226868], [121.256588, 31.226329], [121.258215, 31.222772], [121.25745, 31.220208], [121.259675, 31.218148], [121.261218, 31.215081], [121.259397, 31.212769], [121.263846, 31.208912], [121.26468, 31.206731], [121.263053, 31.205701], [121.264777, 31.203317], [121.266724, 31.203257], [121.271701, 31.198309], [121.277388, 31.193576], [121.284034, 31.194391], [121.287329, 31.196332], [121.292126, 31.200621], [121.292431, 31.202514], [121.294837, 31.203077], [121.297506, 31.201412], [121.300565, 31.197027], [121.30856, 31.188388], [121.310784, 31.18423], [121.316304, 31.176836], [121.318042, 31.173624], [121.318584, 31.170256], [121.323854, 31.162933], [121.327218, 31.156856], [121.328775, 31.156665], [121.331528, 31.15205], [121.331292, 31.149772], [121.333711, 31.148765], [121.335477, 31.143862], [121.336728, 31.14355], [121.338814, 31.14017], [121.33677, 31.138971], [121.342095, 31.134655], [121.344681, 31.130338], [121.344014, 31.129451], [121.346002, 31.126202], [121.34489, 31.12577], [121.347545, 31.121969], [121.346753, 31.121657], [121.349589, 31.117748], [121.353065, 31.117604], [121.35066, 31.115554], [121.353774, 31.111512], [121.356026, 31.112532], [121.357014, 31.110529], [121.352217, 31.106487], [121.351675, 31.107735], [121.348532, 31.106655], [121.351341, 31.099255], [121.35839, 31.100791], [121.359085, 31.098931], [121.362756, 31.099771], [121.368289, 31.088976], [121.372016, 31.079871], [121.370625, 31.078372], [121.368804, 31.079127], [121.365481, 31.077892], [121.364341, 31.073705], [121.362116, 31.072601], [121.364424, 31.069878], [121.363743, 31.068354], [121.357278, 31.066758], [121.358195, 31.064047], [121.35344, 31.061287], [121.343444, 31.059139], [121.341456, 31.062763], [121.335338, 31.060435], [121.335102, 31.04564], [121.33367, 31.040695], [121.334017, 31.031922], [121.333308, 31.030686], [121.333892, 31.026917], [121.333725, 31.015657], [121.333072, 31.01334], [121.339898, 31.013857], [121.34279, 31.014817], [121.34425, 31.013941], [121.339829, 31.010267], [121.33823, 31.006197], [121.330347, 30.996905], [121.327482, 30.995896], [121.326773, 30.994479], [121.326898, 30.989964], [121.3258, 30.9833], [121.327371, 30.980658], [121.329554, 30.981318], [121.334406, 30.980694], [121.34375, 30.976599], [121.351258, 30.975986], [121.35871, 30.97786]]]]}}, {"type": "Feature", "properties": {"adcode": 310113, "name": "宝山区", "center": [121.489934, 31.398896], "centroid": [121.404861, 31.392111], "childrenNum": 0, "level": "district", "parent": {"adcode": 310000}, "subFeatureIndex": 8, "acroutes": [100000, 310000]}, "geometry": {"type": "MultiPolygon", "coordinates": [[[[121.425252, 31.270661], [121.424571, 31.27193], [121.424432, 31.280238], [121.422833, 31.28426], [121.423806, 31.291011], [121.419691, 31.291071], [121.418648, 31.292256], [121.420039, 31.296912], [121.42364, 31.297259], [121.426935, 31.298528], [121.426434, 31.303207], [121.431287, 31.303638], [121.432441, 31.305912], [121.431676, 31.309478], [121.432163, 31.31168], [121.434623, 31.312303], [121.432468, 31.318669], [121.433595, 31.32087], [121.436459, 31.32087], [121.436765, 31.319662], [121.44672, 31.319817], [121.447887, 31.317101], [121.4547, 31.319243], [121.457133, 31.321002], [121.465378, 31.321397], [121.468145, 31.32032], [121.468312, 31.316036], [121.472956, 31.315797], [121.479171, 31.314696], [121.485372, 31.314636], [121.485413, 31.311573], [121.496717, 31.311489], [121.496216, 31.323347], [121.498928, 31.325322], [121.497593, 31.328109], [121.493575, 31.330299], [121.50556, 31.345732], [121.517628, 31.340779], [121.520256, 31.344033], [121.522883, 31.342885], [121.525483, 31.346797], [121.514903, 31.352], [121.508424, 31.357251], [121.503835, 31.36493], [121.50346, 31.369403], [121.503835, 31.373744], [121.507284, 31.379102], [121.512372, 31.385858], [121.521229, 31.39479], [121.507353, 31.405933], [121.509425, 31.408288], [121.516585, 31.405287], [121.517239, 31.406303], [121.510801, 31.409973], [121.502362, 31.413404], [121.501319, 31.411982], [121.507228, 31.409722], [121.505991, 31.407021], [121.49427, 31.417851], [121.481339, 31.427294], [121.463696, 31.438277], [121.446024, 31.450717], [121.434276, 31.458496], [121.41869, 31.470682], [121.409694, 31.476321], [121.404328, 31.479212], [121.403966, 31.481494], [121.406288, 31.485388], [121.405426, 31.487215], [121.376298, 31.501106], [121.362255, 31.50679], [121.357751, 31.508259], [121.343499, 31.512057], [121.335838, 31.508295], [121.329512, 31.504247], [121.327218, 31.504247], [121.323131, 31.502288], [121.323701, 31.499649], [121.319905, 31.49972], [121.32003, 31.502993], [121.321879, 31.503399], [121.320169, 31.505883], [121.316652, 31.505775], [121.315345, 31.501273], [121.311938, 31.502909], [121.310353, 31.505919], [121.305529, 31.505333], [121.305876, 31.503435], [121.302595, 31.502599], [121.299926, 31.499756], [121.300857, 31.496747], [121.304667, 31.495779], [121.306544, 31.493307], [121.309171, 31.492495], [121.31027, 31.489735], [121.308629, 31.488649], [121.310214, 31.487311], [121.313342, 31.480598], [121.315956, 31.481219], [121.318807, 31.475055], [121.31426, 31.472474], [121.317958, 31.468472], [121.320572, 31.469058], [121.320058, 31.466728], [121.317277, 31.466262], [121.317778, 31.460109], [121.320531, 31.457289], [121.318654, 31.456895], [121.319794, 31.454876], [121.324132, 31.455007], [121.327399, 31.448829], [121.326106, 31.448041], [121.328261, 31.441098], [121.331236, 31.439652], [121.333656, 31.440118], [121.336603, 31.432254], [121.336645, 31.429493], [121.335143, 31.429158], [121.336422, 31.424999], [121.336561, 31.419058], [121.33239, 31.416943], [121.334101, 31.413655], [121.332488, 31.413117], [121.333141, 31.410739], [121.330444, 31.410308], [121.32847, 31.411958], [121.314316, 31.4072], [121.317375, 31.403661], [121.315637, 31.402729], [121.314747, 31.398365], [121.317444, 31.39742], [121.321476, 31.397576], [121.323145, 31.395866], [121.323339, 31.393331], [121.320419, 31.389123], [121.323061, 31.388489], [121.326607, 31.381063], [121.330527, 31.381135], [121.331306, 31.378456], [121.328734, 31.377344], [121.331389, 31.37433], [121.334003, 31.37262], [121.333336, 31.371281], [121.335991, 31.370097], [121.335018, 31.366963], [121.337576, 31.364189], [121.338911, 31.360995], [121.340329, 31.360517], [121.341428, 31.357802], [121.337118, 31.356019], [121.337743, 31.3534], [121.334643, 31.3509], [121.332251, 31.351307], [121.332502, 31.347084], [121.336464, 31.346821], [121.337521, 31.344536], [121.338925, 31.344775], [121.342401, 31.341306], [121.344347, 31.341928], [121.34628, 31.336329], [121.342846, 31.336066], [121.341692, 31.33329], [121.342318, 31.331005], [121.345932, 31.32513], [121.347517, 31.324077], [121.344848, 31.323335], [121.345585, 31.320835], [121.3492, 31.321313], [121.347782, 31.319542], [121.347698, 31.316706], [121.343458, 31.317185], [121.340357, 31.311525], [121.338981, 31.310101], [121.335686, 31.303339], [121.331306, 31.301436], [121.334198, 31.296122], [121.33588, 31.297044], [121.336506, 31.294901], [121.338675, 31.293225], [121.341011, 31.293716], [121.340927, 31.297439], [121.34685, 31.297654], [121.346892, 31.296349], [121.349659, 31.297582], [121.348894, 31.299246], [121.352954, 31.301663], [121.354803, 31.299808], [121.360309, 31.302717], [121.363534, 31.302741], [121.360295, 31.294674], [121.358585, 31.293465], [121.363785, 31.292028], [121.363785, 31.291334], [121.369666, 31.28912], [121.370153, 31.290329], [121.374838, 31.289096], [121.376242, 31.290592], [121.38154, 31.289431], [121.381623, 31.292711], [121.384765, 31.294446], [121.388394, 31.29526], [121.394762, 31.294674], [121.393483, 31.291274], [121.39789, 31.29052], [121.399559, 31.288904], [121.398446, 31.287145], [121.400379, 31.286115], [121.404453, 31.286223], [121.400087, 31.278071], [121.404564, 31.276227], [121.406496, 31.276862], [121.40544, 31.273067], [121.41096, 31.273175], [121.410598, 31.270373], [121.41527, 31.26914], [121.41577, 31.265896], [121.419496, 31.265237], [121.425252, 31.270661]]]]}}, {"type": "Feature", "properties": {"adcode": 310114, "name": "嘉定区", "center": [121.250333, 31.383524], "centroid": [121.24439, 31.358138], "childrenNum": 0, "level": "district", "parent": {"adcode": 310000}, "subFeatureIndex": 9, "acroutes": [100000, 310000]}, "geometry": {"type": "MultiPolygon", "coordinates": [[[[121.153743, 31.276646], [121.153924, 31.272061], [121.151783, 31.267632], [121.155537, 31.266147], [121.157845, 31.270541], [121.161057, 31.26762], [121.162614, 31.269176], [121.167661, 31.263944], [121.168036, 31.259622], [121.170386, 31.259119], [121.16894, 31.256197], [121.171415, 31.254928], [121.174251, 31.256856], [121.176768, 31.254605], [121.178798, 31.255862], [121.17934, 31.253419], [121.181537, 31.254413], [121.183928, 31.252246], [121.186444, 31.252329], [121.188377, 31.25476], [121.193021, 31.253623], [121.193368, 31.251455], [121.19626, 31.251228], [121.19608, 31.253395], [121.199848, 31.255239], [121.203143, 31.255814], [121.202865, 31.257131], [121.206368, 31.260065], [121.208482, 31.25749], [121.209816, 31.258017], [121.209761, 31.260831], [121.212625, 31.259837], [121.214182, 31.254353], [121.221273, 31.256293], [121.220216, 31.257406], [121.223859, 31.259035], [121.223539, 31.260532], [121.229198, 31.261717], [121.229087, 31.262711], [121.235177, 31.262699], [121.237693, 31.262088], [121.242253, 31.25937], [121.246577, 31.259801], [121.246758, 31.258448], [121.254183, 31.258688], [121.254405, 31.259634], [121.260217, 31.258328], [121.263985, 31.259155], [121.264444, 31.256496], [121.271284, 31.252258], [121.275302, 31.253527], [121.280363, 31.251886], [121.284228, 31.251838], [121.28142, 31.248174], [121.283742, 31.245192], [121.287301, 31.243276], [121.288538, 31.238198], [121.29264, 31.232761], [121.296922, 31.231048], [121.302998, 31.230605], [121.315386, 31.227204], [121.322853, 31.229623], [121.32612, 31.229575], [121.333878, 31.232006], [121.334935, 31.235887], [121.338355, 31.237528], [121.340872, 31.239947], [121.345585, 31.239887], [121.344612, 31.243552], [121.346822, 31.241037], [121.347281, 31.243192], [121.348922, 31.243863], [121.350131, 31.241839], [121.348741, 31.239372], [121.352856, 31.238342], [121.354177, 31.237121], [121.356054, 31.237803], [121.356068, 31.240151], [121.360086, 31.240498], [121.36067, 31.238642], [121.363117, 31.240091], [121.366718, 31.246342], [121.368387, 31.247384], [121.372349, 31.243755], [121.3731, 31.245683], [121.375686, 31.244486], [121.377216, 31.247719], [121.380886, 31.257766], [121.377508, 31.259478], [121.375158, 31.25949], [121.374574, 31.257059], [121.365884, 31.257682], [121.366023, 31.259358], [121.361783, 31.259945], [121.358918, 31.263609], [121.35985, 31.266997], [121.362227, 31.26756], [121.366996, 31.266662], [121.367441, 31.269631], [121.361268, 31.27084], [121.358918, 31.268793], [121.35732, 31.271415], [121.344723, 31.273917], [121.343541, 31.271439], [121.338272, 31.272839], [121.338883, 31.275006], [121.336228, 31.275461], [121.336061, 31.280046], [121.335004, 31.279711], [121.332738, 31.286067], [121.328998, 31.284595], [121.327316, 31.285182], [121.326384, 31.288928], [121.332821, 31.290915], [121.332224, 31.292998], [121.336506, 31.294901], [121.33588, 31.297044], [121.334198, 31.296122], [121.331306, 31.301436], [121.335686, 31.303339], [121.338981, 31.310101], [121.340357, 31.311525], [121.343458, 31.317185], [121.347698, 31.316706], [121.347782, 31.319542], [121.3492, 31.321313], [121.345585, 31.320835], [121.344848, 31.323335], [121.347517, 31.324077], [121.345932, 31.32513], [121.342318, 31.331005], [121.341692, 31.33329], [121.342846, 31.336066], [121.34628, 31.336329], [121.344347, 31.341928], [121.342401, 31.341306], [121.338925, 31.344775], [121.337521, 31.344536], [121.336464, 31.346821], [121.332502, 31.347084], [121.332251, 31.351307], [121.334643, 31.3509], [121.337743, 31.3534], [121.337118, 31.356019], [121.341428, 31.357802], [121.340329, 31.360517], [121.338911, 31.360995], [121.337576, 31.364189], [121.335018, 31.366963], [121.335991, 31.370097], [121.333336, 31.371281], [121.334003, 31.37262], [121.331389, 31.37433], [121.328734, 31.377344], [121.331306, 31.378456], [121.330527, 31.381135], [121.326607, 31.381063], [121.323061, 31.388489], [121.320419, 31.389123], [121.323339, 31.393331], [121.323145, 31.395866], [121.321476, 31.397576], [121.317444, 31.39742], [121.314747, 31.398365], [121.315637, 31.402729], [121.317375, 31.403661], [121.314316, 31.4072], [121.32847, 31.411958], [121.330444, 31.410308], [121.333141, 31.410739], [121.332488, 31.413117], [121.334101, 31.413655], [121.33239, 31.416943], [121.336561, 31.419058], [121.336422, 31.424999], [121.335143, 31.429158], [121.336645, 31.429493], [121.336603, 31.432254], [121.333656, 31.440118], [121.331236, 31.439652], [121.328261, 31.441098], [121.326106, 31.448041], [121.327399, 31.448829], [121.324132, 31.455007], [121.319794, 31.454876], [121.318654, 31.456895], [121.320531, 31.457289], [121.317778, 31.460109], [121.317277, 31.466262], [121.320058, 31.466728], [121.320572, 31.469058], [121.317958, 31.468472], [121.31426, 31.472474], [121.318807, 31.475055], [121.315956, 31.481219], [121.313342, 31.480598], [121.310214, 31.487311], [121.308629, 31.488649], [121.31027, 31.489735], [121.309171, 31.492495], [121.306544, 31.493307], [121.304667, 31.495779], [121.300857, 31.496747], [121.300496, 31.494537], [121.298563, 31.493713], [121.298605, 31.491515], [121.293488, 31.489807], [121.29061, 31.491694], [121.289387, 31.489031], [121.285355, 31.490679], [121.283686, 31.489795], [121.279696, 31.490404], [121.280321, 31.488672], [121.276442, 31.486654], [121.27622, 31.485376], [121.272049, 31.484337], [121.268879, 31.487466], [121.267322, 31.486224], [121.267433, 31.483357], [121.265153, 31.48313], [121.261732, 31.480777], [121.261454, 31.478854], [121.254794, 31.477635], [121.255643, 31.483632], [121.253627, 31.483082], [121.253362, 31.479809], [121.251221, 31.479606], [121.249692, 31.477623], [121.247064, 31.477062], [121.245813, 31.479881], [121.248176, 31.481876], [121.244409, 31.481183], [121.243797, 31.487311], [121.241141, 31.490906], [121.240877, 31.493701], [121.237234, 31.491957], [121.234746, 31.492686], [121.235413, 31.488099], [121.232994, 31.487896], [121.22867, 31.482127], [121.230839, 31.481111], [121.230352, 31.477432], [121.226209, 31.477683], [121.225361, 31.476022], [121.220731, 31.47607], [121.219062, 31.475222], [121.21364, 31.475939], [121.21503, 31.477528], [121.214377, 31.479128], [121.206368, 31.474995], [121.203421, 31.472331], [121.202906, 31.469356], [121.195051, 31.467827], [121.186055, 31.460814], [121.185457, 31.457468], [121.186055, 31.454362], [121.180814, 31.451458], [121.174974, 31.449295], [121.16983, 31.450024], [121.16773, 31.448315], [121.166048, 31.450168], [121.163045, 31.448865], [121.160917, 31.449678], [121.147348, 31.44393], [121.146569, 31.439006], [121.14782, 31.436186], [121.152492, 31.433604], [121.158484, 31.432254], [121.162711, 31.432218], [121.16253, 31.429565], [121.16431, 31.427222], [121.162002, 31.427951], [121.161362, 31.425776], [121.155273, 31.42574], [121.151157, 31.421796], [121.146249, 31.421078], [121.146208, 31.419704], [121.149266, 31.41913], [121.148905, 31.415867], [121.153493, 31.413679], [121.155523, 31.413835], [121.154508, 31.411575], [121.15886, 31.410117], [121.157887, 31.407893], [121.153104, 31.405837], [121.153896, 31.403685], [121.15049, 31.402215], [121.149586, 31.399381], [121.152742, 31.398174], [121.147653, 31.397325], [121.149475, 31.394503], [121.14383, 31.392327], [121.147097, 31.3899], [121.148988, 31.38691], [121.148432, 31.385404], [121.141425, 31.38355], [121.141049, 31.384531], [121.137518, 31.382785], [121.138408, 31.381147], [121.131762, 31.378815], [121.131247, 31.379664], [121.124268, 31.376722], [121.12328, 31.37848], [121.118206, 31.375837], [121.113757, 31.37445], [121.11523, 31.371137], [121.119082, 31.370563], [121.120208, 31.368674], [121.113173, 31.36688], [121.112853, 31.365133], [121.10928, 31.364703], [121.10889, 31.366509], [121.106958, 31.366593], [121.106749, 31.364535], [121.108251, 31.360457], [121.107361, 31.354763], [121.108418, 31.354034], [121.10832, 31.350649], [121.111157, 31.351534], [121.111838, 31.350517], [121.117246, 31.351689], [121.120194, 31.347562], [121.11733, 31.34712], [121.117969, 31.343447], [121.123948, 31.342753], [121.130441, 31.344213], [121.130816, 31.341509], [121.130121, 31.334702], [121.13115, 31.332106], [121.132582, 31.331962], [121.133305, 31.325585], [121.131539, 31.325441], [121.131637, 31.32324], [121.127257, 31.319315], [121.127076, 31.316934], [121.128633, 31.314265], [121.127966, 31.311884], [121.129773, 31.308306], [121.129134, 31.307528], [121.129954, 31.302597], [121.133778, 31.30207], [121.139645, 31.302992], [121.13895, 31.305625], [121.143774, 31.309706], [121.146903, 31.305936], [121.150782, 31.299018], [121.148933, 31.298875], [121.152714, 31.294075], [121.151282, 31.291933], [121.154689, 31.290053], [121.156399, 31.287408], [121.159305, 31.28766], [121.161293, 31.283985], [121.159402, 31.281579], [121.155537, 31.280765], [121.155481, 31.278442], [121.153743, 31.276646]]]]}}, {"type": "Feature", "properties": {"adcode": 310115, "name": "浦东新区", "center": [121.567706, 31.245944], "centroid": [121.742177, 31.083823], "childrenNum": 0, "level": "district", "parent": {"adcode": 310000}, "subFeatureIndex": 10, "acroutes": [100000, 310000]}, "geometry": {"type": "MultiPolygon", "coordinates": [[[[121.570475, 30.998345], [121.576746, 30.999474], [121.582933, 30.999498], [121.584309, 31.000819], [121.594682, 31.000699], [121.595585, 31.002043], [121.604066, 31.001131], [121.614717, 31.001251], [121.61772, 30.995692], [121.62057, 30.992678], [121.646695, 30.99335], [121.654536, 30.993254], [121.663115, 30.992714], [121.669525, 30.991609], [121.673348, 30.989832], [121.674558, 30.991802], [121.683595, 30.989808], [121.688086, 30.990145], [121.69298, 30.98934], [121.699459, 30.987419], [121.705507, 30.984981], [121.712792, 30.980934], [121.73191, 30.967784], [121.733954, 30.964469], [121.737916, 30.960637], [121.73686, 30.958703], [121.739988, 30.956721], [121.743742, 30.956589], [121.747857, 30.951893], [121.749234, 30.953046], [121.751987, 30.952721], [121.759286, 30.949154], [121.761024, 30.947604], [121.760927, 30.944613], [121.764542, 30.941766], [121.761677, 30.940132], [121.761469, 30.938414], [121.764277, 30.938522], [121.763846, 30.936852], [121.766432, 30.936539], [121.76799, 30.93833], [121.769769, 30.935278], [121.773023, 30.933932], [121.77337, 30.931553], [121.777806, 30.931025], [121.777653, 30.926723], [121.781115, 30.917567], [121.780239, 30.911811], [121.77896, 30.910116], [121.778334, 30.903807], [121.778987, 30.899468], [121.778807, 30.894588], [121.776012, 30.886426], [121.776679, 30.881005], [121.773134, 30.880596], [121.772481, 30.875703], [121.771605, 30.875427], [121.768143, 30.863272], [121.769338, 30.85043], [121.793767, 30.816862], [121.904467, 30.814155], [121.915284, 30.812892], [121.9246, 30.8066], [121.943689, 30.777096], [121.969703, 30.789202], [121.955466, 30.817138], [121.954326, 30.821409], [121.954715, 30.825811], [121.970732, 30.839077], [121.985372, 30.850694], [121.993951, 30.863055], [121.996982, 30.874898], [121.998497, 30.899961], [121.996231, 30.935458], [121.990934, 30.968432], [121.977558, 31.016101], [121.962682, 31.047284], [121.94679, 31.065883], [121.889465, 31.121705], [121.884029, 31.130638], [121.853358, 31.155346], [121.809812, 31.196907], [121.743742, 31.283207], [121.729101, 31.298288], [121.722511, 31.303518], [121.712431, 31.309407], [121.689448, 31.322462], [121.610559, 31.368195], [121.603038, 31.372656], [121.593708, 31.376411], [121.559811, 31.38361], [121.538011, 31.388489], [121.521229, 31.39479], [121.512372, 31.385858], [121.507284, 31.379102], [121.503835, 31.373744], [121.50346, 31.369403], [121.503835, 31.36493], [121.508424, 31.357251], [121.514903, 31.352], [121.525483, 31.346797], [121.549398, 31.337789], [121.555779, 31.333948], [121.558574, 31.331256], [121.560493, 31.32781], [121.561883, 31.321158], [121.561758, 31.303339], [121.562523, 31.29976], [121.565456, 31.294135], [121.569141, 31.285254], [121.56953, 31.279567], [121.568515, 31.275701], [121.563537, 31.268805], [121.559074, 31.264219], [121.541542, 31.251826], [121.536384, 31.249623], [121.527555, 31.247252], [121.516488, 31.246953], [121.50688, 31.246474], [121.500012, 31.244989], [121.494826, 31.24221], [121.493491, 31.240163], [121.493491, 31.23615], [121.495744, 31.232977], [121.502014, 31.228018], [121.506741, 31.223119], [121.509397, 31.218459], [121.509911, 31.214506], [121.508368, 31.210158], [121.501319, 31.199747], [121.498066, 31.195601], [121.494631, 31.192857], [121.490752, 31.191467], [121.475987, 31.187885], [121.468729, 31.184122], [121.466254, 31.18109], [121.464905, 31.178022], [121.464905, 31.17541], [121.468159, 31.167092], [121.469369, 31.162298], [121.468354, 31.158091], [121.46574, 31.155118], [121.460387, 31.150276], [121.457453, 31.146451], [121.457453, 31.142232], [121.462431, 31.134463], [121.468729, 31.127868], [121.469674, 31.124859], [121.469299, 31.118731], [121.465211, 31.1121], [121.470286, 31.110937], [121.473984, 31.112915], [121.474137, 31.114354], [121.477321, 31.110853], [121.481353, 31.110697], [121.477446, 31.117328], [121.481256, 31.118024], [121.48191, 31.120086], [121.485705, 31.121933], [121.485969, 31.124523], [121.490266, 31.124283], [121.49281, 31.118719], [121.498538, 31.121501], [121.501583, 31.114666], [121.505295, 31.115494], [121.503863, 31.118324], [121.50549, 31.120002], [121.511343, 31.12119], [121.513749, 31.118012], [121.514513, 31.115278], [121.521424, 31.116309], [121.522869, 31.115242], [121.525289, 31.116741], [121.53142, 31.11842], [121.532254, 31.117208], [121.535341, 31.117976], [121.537885, 31.113983], [121.539526, 31.115626], [121.542251, 31.116153], [121.544225, 31.111464], [121.547687, 31.109653], [121.550426, 31.11162], [121.549217, 31.113419], [121.552317, 31.113899], [121.553332, 31.112688], [121.555279, 31.114882], [121.556697, 31.113083], [121.559867, 31.111896], [121.557851, 31.109797], [121.561396, 31.106224], [121.561132, 31.105264], [121.563649, 31.101858], [121.562064, 31.101258], [121.563315, 31.098955], [121.566819, 31.096569], [121.567264, 31.09363], [121.564358, 31.091891], [121.561855, 31.091867], [121.561563, 31.09357], [121.559088, 31.091951], [121.551608, 31.090128], [121.551539, 31.088148], [121.548549, 31.086889], [121.550565, 31.082834], [121.553555, 31.080303], [121.556405, 31.081059], [121.557031, 31.082702], [121.561563, 31.08365], [121.563579, 31.082486], [121.569766, 31.081611], [121.571643, 31.080063], [121.572658, 31.081323], [121.575272, 31.080063], [121.567639, 31.0762], [121.56262, 31.075121], [121.562675, 31.074305], [121.557531, 31.073357], [121.559033, 31.072169], [121.555599, 31.071689], [121.55279, 31.069506], [121.556753, 31.06737], [121.551789, 31.065643], [121.551094, 31.063795], [121.548549, 31.063639], [121.547201, 31.061647], [121.548383, 31.056896], [121.543308, 31.055696], [121.54328, 31.054016], [121.540791, 31.052528], [121.542307, 31.049072], [121.541472, 31.046396], [121.54588, 31.047044], [121.547799, 31.048544], [121.54955, 31.047908], [121.550538, 31.049396], [121.552693, 31.0493], [121.554737, 31.050824], [121.556127, 31.047632], [121.557031, 31.04798], [121.559811, 31.044812], [121.562119, 31.043635], [121.559464, 31.041391], [121.559505, 31.030278], [121.558254, 31.029533], [121.558407, 31.024528], [121.555765, 31.022908], [121.552804, 31.023268], [121.552262, 31.020915], [121.554139, 31.01861], [121.556516, 31.01873], [121.556474, 31.020255], [121.558699, 31.020255], [121.56027, 31.024132], [121.564302, 31.021191], [121.569057, 31.024396], [121.56839, 31.025284], [121.572325, 31.026677], [121.574758, 31.020951], [121.574674, 31.018634], [121.571018, 31.016426], [121.569822, 31.012452], [121.565859, 31.011912], [121.568181, 31.010063], [121.569725, 31.010603], [121.571463, 31.005633], [121.570253, 31.004565], [121.570712, 31.002295], [121.567959, 31.000879], [121.570475, 30.998345]]], [[[121.943244, 31.215465], [121.941826, 31.207678], [121.942619, 31.198465], [121.944843, 31.186878], [121.948027, 31.176405], [121.952629, 31.1672], [121.959637, 31.159278], [121.965685, 31.15754], [121.970773, 31.157552], [121.975862, 31.158834], [121.99573, 31.1608], [121.999554, 31.165079], [122.010593, 31.188004], [122.012011, 31.192043], [122.012609, 31.210002], [122.011038, 31.217405], [122.008563, 31.220987], [121.989655, 31.224521], [121.980659, 31.22809], [121.969188, 31.230282], [121.957259, 31.230414], [121.951044, 31.228821], [121.946595, 31.224365], [121.943244, 31.215465]]], [[[121.882625, 31.240857], [121.880873, 31.23633], [121.882541, 31.225611], [121.885155, 31.22052], [121.889271, 31.214997], [121.901645, 31.20146], [121.908777, 31.195266], [121.913852, 31.19384], [121.918788, 31.194319], [121.922445, 31.196859], [121.925448, 31.205438], [121.927519, 31.224017], [121.926727, 31.229731], [121.923557, 31.233863], [121.915451, 31.236558], [121.897363, 31.242115], [121.88991, 31.242594], [121.882625, 31.240857]]]]}}, {"type": "Feature", "properties": {"adcode": 310116, "name": "金山区", "center": [121.330736, 30.724697], "centroid": [121.255144, 30.818932], "childrenNum": 0, "level": "district", "parent": {"adcode": 310000}, "subFeatureIndex": 11, "acroutes": [100000, 310000]}, "geometry": {"type": "MultiPolygon", "coordinates": [[[[120.99673, 30.950307], [120.996813, 30.944625], [120.995673, 30.944336], [120.997481, 30.941141], [121.000818, 30.937729], [121.000025, 30.934701], [120.999622, 30.91395], [120.998982, 30.909527], [121.004572, 30.909299], [121.004516, 30.906955], [121.00257, 30.904852], [120.998704, 30.905946], [120.998635, 30.903386], [120.995715, 30.903723], [120.992809, 30.90216], [120.992656, 30.899732], [120.99046, 30.89579], [120.992907, 30.893915], [120.993824, 30.88966], [121.005017, 30.888794], [121.00852, 30.888121], [121.008298, 30.882964], [121.011092, 30.882219], [121.017474, 30.882724], [121.0186, 30.880716], [121.021465, 30.878793], [121.019421, 30.876665], [121.021896, 30.875162], [121.019796, 30.873996], [121.020463, 30.87188], [121.01778, 30.873359], [121.014819, 30.871027], [121.01778, 30.86938], [121.013971, 30.86439], [121.016265, 30.862851], [121.015403, 30.86053], [121.010981, 30.856033], [121.015013, 30.853604], [121.013359, 30.851692], [121.010133, 30.853135], [121.008006, 30.850574], [121.006463, 30.850454], [121.003974, 30.846101], [121.000985, 30.845632], [120.9999, 30.843335], [120.997759, 30.84408], [120.995659, 30.838572], [120.992865, 30.838392], [120.989987, 30.834724], [120.989125, 30.832318], [120.992462, 30.831572], [120.989153, 30.828698], [120.992754, 30.825691], [120.990918, 30.822708], [120.994603, 30.821493], [121.00054, 30.829431], [121.003446, 30.826304], [121.006935, 30.830779], [121.010898, 30.834615], [121.014402, 30.835818], [121.014874, 30.833954], [121.030057, 30.828553], [121.036647, 30.818449], [121.037912, 30.81389], [121.044976, 30.815526], [121.043752, 30.820013], [121.03908, 30.818582], [121.03769, 30.820266], [121.039192, 30.820867], [121.040276, 30.82438], [121.04175, 30.825378], [121.039956, 30.827218], [121.043516, 30.828157], [121.045101, 30.825907], [121.048896, 30.825186], [121.046755, 30.831091], [121.056335, 30.835602], [121.062049, 30.83779], [121.060228, 30.842793], [121.061674, 30.843383], [121.06052, 30.845187], [121.066999, 30.84877], [121.080471, 30.848746], [121.097712, 30.857103], [121.097684, 30.854927], [121.102272, 30.850261], [121.104789, 30.849335], [121.110906, 30.851416], [121.113159, 30.854049], [121.114744, 30.851476], [121.120055, 30.849119], [121.121153, 30.850165], [121.123545, 30.847267], [121.12025, 30.843299], [121.119832, 30.83773], [121.117747, 30.835301], [121.120639, 30.836335], [121.127688, 30.83565], [121.129982, 30.834892], [121.131609, 30.83601], [121.134612, 30.833028], [121.132916, 30.831608], [121.134264, 30.828505], [121.136239, 30.827868], [121.13742, 30.829985], [121.13742, 30.825029], [121.132373, 30.819279], [121.130218, 30.815574], [121.128202, 30.810221], [121.126047, 30.79304], [121.126576, 30.788998], [121.125255, 30.788179], [121.120041, 30.788552], [121.117219, 30.786073], [121.12342, 30.77895], [121.127521, 30.778673], [121.131817, 30.777313], [121.13603, 30.777337], [121.1387, 30.77842], [121.140618, 30.776928], [121.144122, 30.779479], [121.152687, 30.778974], [121.155815, 30.777205], [121.160681, 30.776579], [121.160737, 30.773221], [121.163434, 30.775279], [121.168968, 30.775953], [121.170789, 30.777084], [121.170984, 30.774677], [121.174668, 30.772018], [121.179965, 30.774376], [121.183441, 30.775038], [121.185791, 30.776651], [121.186361, 30.779034], [121.189517, 30.778974], [121.190963, 30.781092], [121.191839, 30.778853], [121.196956, 30.773354], [121.20032, 30.773618], [121.199166, 30.780755], [121.200098, 30.783294], [121.205534, 30.785905], [121.213723, 30.785929], [121.217992, 30.784954], [121.2234, 30.775977], [121.224624, 30.776976], [121.226209, 30.775087], [121.226918, 30.770826], [121.229115, 30.767974], [121.230686, 30.763737], [121.232298, 30.755817], [121.23729, 30.752651], [121.243102, 30.750533], [121.244756, 30.749185], [121.256393, 30.743948], [121.261343, 30.738217], [121.266835, 30.733498], [121.26817, 30.734931], [121.271451, 30.73227], [121.269755, 30.730729], [121.271451, 30.726948], [121.270339, 30.725864], [121.272035, 30.723252], [121.270102, 30.72047], [121.270339, 30.716894], [121.267057, 30.715039], [121.268448, 30.712149], [121.265862, 30.709488], [121.266668, 30.706296], [121.268031, 30.706103], [121.268656, 30.702129], [121.270672, 30.701563], [121.270422, 30.69807], [121.271604, 30.69689], [121.274649, 30.6774], [121.291041, 30.678328], [121.326718, 30.67593], [121.346642, 30.675593], [121.35433, 30.676991], [121.361894, 30.67952], [121.406997, 30.718086], [121.426365, 30.730283], [121.478767, 30.756347], [121.465072, 30.776483], [121.451711, 30.798323], [121.44672, 30.805577], [121.445427, 30.804868], [121.441645, 30.806829], [121.437029, 30.818101], [121.425989, 30.81869], [121.420525, 30.819797], [121.419288, 30.81602], [121.415131, 30.815803], [121.41552, 30.819941], [121.414171, 30.821757], [121.41235, 30.821505], [121.404786, 30.823081], [121.400991, 30.827399], [121.400685, 30.830105], [121.403632, 30.829877], [121.404202, 30.833797], [121.399712, 30.834182], [121.397376, 30.833292], [121.396986, 30.827988], [121.392051, 30.82782], [121.391717, 30.829913], [121.387588, 30.829864], [121.387588, 30.832799], [121.383764, 30.833906], [121.379259, 30.840112], [121.379065, 30.843238], [121.385446, 30.843178], [121.384918, 30.848073], [121.383722, 30.851765], [121.384376, 30.856238], [121.383472, 30.859232], [121.384001, 30.863488], [121.381929, 30.863765], [121.381873, 30.867324], [121.38286, 30.869043], [121.382791, 30.874489], [121.381498, 30.876605], [121.382207, 30.878961], [121.377535, 30.879983], [121.371751, 30.883698], [121.370166, 30.883914], [121.367233, 30.886667], [121.36327, 30.886955], [121.361185, 30.892977], [121.360476, 30.897785], [121.358418, 30.900598], [121.35668, 30.908614], [121.351814, 30.913217], [121.350604, 30.911402], [121.347573, 30.913145], [121.343819, 30.909119], [121.340162, 30.908554], [121.336631, 30.906739], [121.334657, 30.907737], [121.331097, 30.907508], [121.327635, 30.91014], [121.325939, 30.908962], [121.321518, 30.908986], [121.320127, 30.91109], [121.314608, 30.909143], [121.313829, 30.910717], [121.306808, 30.910212], [121.306502, 30.912123], [121.303721, 30.912099], [121.303443, 30.909287], [121.301775, 30.908458], [121.29848, 30.909744], [121.296269, 30.914959], [121.294809, 30.914947], [121.294948, 30.918504], [121.288844, 30.916894], [121.288705, 30.909912], [121.290068, 30.909804], [121.291013, 30.902677], [121.290151, 30.900021], [121.288719, 30.899961], [121.288413, 30.896066], [121.285799, 30.895429], [121.285257, 30.896631], [121.28231, 30.896571], [121.282073, 30.894804], [121.27964, 30.894456], [121.279098, 30.897112], [121.274663, 30.896078], [121.27298, 30.900405], [121.270422, 30.900165], [121.269046, 30.901679], [121.266168, 30.901715], [121.266932, 30.906258], [121.262525, 30.906835], [121.262122, 30.908097], [121.258952, 30.907208], [121.255893, 30.907977], [121.255226, 30.909551], [121.246619, 30.9099], [121.243686, 30.917855], [121.245507, 30.917074], [121.244589, 30.920307], [121.242935, 30.91991], [121.240655, 30.925149], [121.238166, 30.924861], [121.234773, 30.925978], [121.234495, 30.928562], [121.227335, 30.926783], [121.222997, 30.930748], [121.218145, 30.927684], [121.211026, 30.92128], [121.207522, 30.919886], [121.194828, 30.917314], [121.187765, 30.916593], [121.186472, 30.915404], [121.174654, 30.915115], [121.171262, 30.914683], [121.16691, 30.916978], [121.164616, 30.919934], [121.158206, 30.920295], [121.156746, 30.918961], [121.156288, 30.912616], [121.156649, 30.909972], [121.152895, 30.9102], [121.149836, 30.912616], [121.142162, 30.915596], [121.143246, 30.918108], [121.139061, 30.91961], [121.13742, 30.913349], [121.14009, 30.910332], [121.139673, 30.907388], [121.14098, 30.904984], [121.141258, 30.901331], [121.134417, 30.901812], [121.131706, 30.899732], [121.130163, 30.902593], [121.123545, 30.902857], [121.122224, 30.901114], [121.118164, 30.901487], [121.113451, 30.897425], [121.111087, 30.899228], [121.110851, 30.90103], [121.113506, 30.903602], [121.117802, 30.910705], [121.119346, 30.911991], [121.121445, 30.919958], [121.114591, 30.921676], [121.110962, 30.921749], [121.105122, 30.920138], [121.104358, 30.922758], [121.100395, 30.926459], [121.091358, 30.916185], [121.089022, 30.915296], [121.089092, 30.911979], [121.093805, 30.909708], [121.096196, 30.910332], [121.098782, 30.906607], [121.097128, 30.903206], [121.09425, 30.902545], [121.094347, 30.904804], [121.091664, 30.90341], [121.083725, 30.905285], [121.081806, 30.904251], [121.080833, 30.905946], [121.072421, 30.904924], [121.072491, 30.903182], [121.068973, 30.902124], [121.067944, 30.904504], [121.056529, 30.90335], [121.053026, 30.903374], [121.045184, 30.901896], [121.04232, 30.899408], [121.040874, 30.900706], [121.040332, 30.904504], [121.038788, 30.902148], [121.034395, 30.902737], [121.034659, 30.90615], [121.025288, 30.909059], [121.024885, 30.911618], [121.025872, 30.91675], [121.028319, 30.922602], [121.028694, 30.92754], [121.031503, 30.936083], [121.031851, 30.939771], [121.029612, 30.941874], [121.02989, 30.944457], [121.028041, 30.94394], [121.019462, 30.941165], [121.016932, 30.941333], [121.017697, 30.939219], [121.015291, 30.940288], [121.013831, 30.944168], [121.011607, 30.943604], [121.011079, 30.947184], [121.013345, 30.946811], [121.015361, 30.948169], [121.010175, 30.950727], [121.00763, 30.947628], [121.002653, 30.947015], [121.002055, 30.95104], [120.99673, 30.950307]]], [[[121.426671, 30.682183], [121.426796, 30.680315], [121.428589, 30.681749], [121.426671, 30.682183]]], [[[121.422458, 30.691482], [121.419469, 30.691626], [121.419482, 30.689856], [121.425364, 30.687374], [121.428909, 30.689109], [121.426615, 30.691277], [121.422458, 30.691482]]], [[[121.406775, 30.704995], [121.406622, 30.703093], [121.409291, 30.704514], [121.406775, 30.704995]]]]}}, {"type": "Feature", "properties": {"adcode": 310117, "name": "松江区", "center": [121.223543, 31.03047], "centroid": [121.220231, 31.015194], "childrenNum": 0, "level": "district", "parent": {"adcode": 310000}, "subFeatureIndex": 12, "acroutes": [100000, 310000]}, "geometry": {"type": "MultiPolygon", "coordinates": [[[[121.323854, 31.162933], [121.322491, 31.162394], [121.320934, 31.158487], [121.318056, 31.157564], [121.316221, 31.160189], [121.301441, 31.15549], [121.295435, 31.15392], [121.287134, 31.152313], [121.285438, 31.153452], [121.28313, 31.152158], [121.283825, 31.150839], [121.28028, 31.150539], [121.277763, 31.152265], [121.278723, 31.14825], [121.276415, 31.145852], [121.277012, 31.144174], [121.279293, 31.145708], [121.281781, 31.142016], [121.284173, 31.142627], [121.287482, 31.139954], [121.280989, 31.133252], [121.265737, 31.136393], [121.26557, 31.134787], [121.263623, 31.135422], [121.26062, 31.132269], [121.261607, 31.127173], [121.257965, 31.127077], [121.258048, 31.132353], [121.25378, 31.13264], [121.246995, 31.134163], [121.245479, 31.130758], [121.239348, 31.129955], [121.245326, 31.129295], [121.244534, 31.125398], [121.239848, 31.126238], [121.236831, 31.125698], [121.235816, 31.118959], [121.233884, 31.117316], [121.224095, 31.115146], [121.221301, 31.115074], [121.221732, 31.119931], [121.223581, 31.126442], [121.226765, 31.134139], [121.227988, 31.139091], [121.22055, 31.138383], [121.208287, 31.135686], [121.206174, 31.138299], [121.200348, 31.137832], [121.201627, 31.140937], [121.199653, 31.139582], [121.194717, 31.138179], [121.181968, 31.143478], [121.181662, 31.131777], [121.179868, 31.131873], [121.180341, 31.127425], [121.181842, 31.126957], [121.181815, 31.124295], [121.183858, 31.124295], [121.183817, 31.118695], [121.178839, 31.117149], [121.17642, 31.119007], [121.174321, 31.117868], [121.17521, 31.115242], [121.172986, 31.114091], [121.174487, 31.108538], [121.170497, 31.109054], [121.170567, 31.107819], [121.166451, 31.10831], [121.166799, 31.104293], [121.1652, 31.104269], [121.165492, 31.101438], [121.159569, 31.100539], [121.154397, 31.101846], [121.154341, 31.098884], [121.156788, 31.098943], [121.156733, 31.09315], [121.155384, 31.093162], [121.155161, 31.090475], [121.153465, 31.09014], [121.152867, 31.092035], [121.151157, 31.091651], [121.149461, 31.095297], [121.14586, 31.093954], [121.144483, 31.097456], [121.141897, 31.096893], [121.141605, 31.09868], [121.135766, 31.09808], [121.133319, 31.099075], [121.131942, 31.10205], [121.130691, 31.100527], [121.127688, 31.103309], [121.125505, 31.103369], [121.120959, 31.107747], [121.117733, 31.108874], [121.11612, 31.110973], [121.114368, 31.109797], [121.112589, 31.111932], [121.108751, 31.107159], [121.103551, 31.102638], [121.103843, 31.100539], [121.100618, 31.098428], [121.097976, 31.099339], [121.099853, 31.096593], [121.099519, 31.094158], [121.097601, 31.093534], [121.10084, 31.088688], [121.099408, 31.085941], [121.100687, 31.080939], [121.102912, 31.080219], [121.107264, 31.082115], [121.112603, 31.077628], [121.117121, 31.075624], [121.118386, 31.075948], [121.121543, 31.07019], [121.122238, 31.067178], [121.126228, 31.06665], [121.126395, 31.059811], [121.127757, 31.059751], [121.12588, 31.057376], [121.120708, 31.057268], [121.117997, 31.058407], [121.118206, 31.056068], [121.10864, 31.05662], [121.10839, 31.057939], [121.101813, 31.05728], [121.101146, 31.053644], [121.098337, 31.05662], [121.094639, 31.056332], [121.093012, 31.058443], [121.094542, 31.061899], [121.092929, 31.064539], [121.088202, 31.064671], [121.085935, 31.062847], [121.086519, 31.061167], [121.08442, 31.058779], [121.080972, 31.056896], [121.082404, 31.054208], [121.085866, 31.050224], [121.087159, 31.052948], [121.089926, 31.05194], [121.090259, 31.048136], [121.09621, 31.044812], [121.09311, 31.040719], [121.095863, 31.040479], [121.097767, 31.038871], [121.100284, 31.03341], [121.099936, 31.031202], [121.096975, 31.031454], [121.096405, 31.026437], [121.091177, 31.025933], [121.089509, 31.027901], [121.085532, 31.0255], [121.093026, 31.020207], [121.10205, 31.011756], [121.104205, 31.007998], [121.104107, 30.99508], [121.100145, 30.994935], [121.099227, 30.981979], [121.099686, 30.980994], [121.099172, 30.973068], [121.095557, 30.974245], [121.095779, 30.968408], [121.097489, 30.965634], [121.093555, 30.964673], [121.088035, 30.964168], [121.088174, 30.962151], [121.081236, 30.962283], [121.080736, 30.960181], [121.078539, 30.960025], [121.079109, 30.958283], [121.076634, 30.957574], [121.076495, 30.955809], [121.07231, 30.955088], [121.065344, 30.95516], [121.060339, 30.956517], [121.059505, 30.959184], [121.056891, 30.96191], [121.05735, 30.965346], [121.053262, 30.964445], [121.051024, 30.969369], [121.047409, 30.969033], [121.0467, 30.970246], [121.043112, 30.969429], [121.045949, 30.963448], [121.042626, 30.960433], [121.043516, 30.957514], [121.040401, 30.956493], [121.036258, 30.957094], [121.034659, 30.952974], [121.033213, 30.947111], [121.027902, 30.945826], [121.028041, 30.94394], [121.02989, 30.944457], [121.029612, 30.941874], [121.031851, 30.939771], [121.031503, 30.936083], [121.028694, 30.92754], [121.028319, 30.922602], [121.025872, 30.91675], [121.024885, 30.911618], [121.025288, 30.909059], [121.034659, 30.90615], [121.034395, 30.902737], [121.038788, 30.902148], [121.040332, 30.904504], [121.040874, 30.900706], [121.04232, 30.899408], [121.045184, 30.901896], [121.053026, 30.903374], [121.056529, 30.90335], [121.067944, 30.904504], [121.068973, 30.902124], [121.072491, 30.903182], [121.072421, 30.904924], [121.080833, 30.905946], [121.081806, 30.904251], [121.083725, 30.905285], [121.091664, 30.90341], [121.094347, 30.904804], [121.09425, 30.902545], [121.097128, 30.903206], [121.098782, 30.906607], [121.096196, 30.910332], [121.093805, 30.909708], [121.089092, 30.911979], [121.089022, 30.915296], [121.091358, 30.916185], [121.100395, 30.926459], [121.104358, 30.922758], [121.105122, 30.920138], [121.110962, 30.921749], [121.114591, 30.921676], [121.121445, 30.919958], [121.119346, 30.911991], [121.117802, 30.910705], [121.113506, 30.903602], [121.110851, 30.90103], [121.111087, 30.899228], [121.113451, 30.897425], [121.118164, 30.901487], [121.122224, 30.901114], [121.123545, 30.902857], [121.130163, 30.902593], [121.131706, 30.899732], [121.134417, 30.901812], [121.141258, 30.901331], [121.14098, 30.904984], [121.139673, 30.907388], [121.14009, 30.910332], [121.13742, 30.913349], [121.139061, 30.91961], [121.143246, 30.918108], [121.142162, 30.915596], [121.149836, 30.912616], [121.152895, 30.9102], [121.156649, 30.909972], [121.156288, 30.912616], [121.156746, 30.918961], [121.158206, 30.920295], [121.164616, 30.919934], [121.16691, 30.916978], [121.171262, 30.914683], [121.174654, 30.915115], [121.186472, 30.915404], [121.187765, 30.916593], [121.194828, 30.917314], [121.207522, 30.919886], [121.211026, 30.92128], [121.218145, 30.927684], [121.222997, 30.930748], [121.227335, 30.926783], [121.234495, 30.928562], [121.234773, 30.925978], [121.238166, 30.924861], [121.240655, 30.925149], [121.242935, 30.91991], [121.244589, 30.920307], [121.245507, 30.917074], [121.243686, 30.917855], [121.246619, 30.9099], [121.255226, 30.909551], [121.255893, 30.907977], [121.258952, 30.907208], [121.262122, 30.908097], [121.262525, 30.906835], [121.266932, 30.906258], [121.266168, 30.901715], [121.269046, 30.901679], [121.270422, 30.900165], [121.27298, 30.900405], [121.274663, 30.896078], [121.279098, 30.897112], [121.27964, 30.894456], [121.282073, 30.894804], [121.28231, 30.896571], [121.285257, 30.896631], [121.285799, 30.895429], [121.288413, 30.896066], [121.288719, 30.899961], [121.290151, 30.900021], [121.291013, 30.902677], [121.290068, 30.909804], [121.288705, 30.909912], [121.288844, 30.916894], [121.294948, 30.918504], [121.294809, 30.914947], [121.296269, 30.914959], [121.29848, 30.909744], [121.301775, 30.908458], [121.303443, 30.909287], [121.303721, 30.912099], [121.306502, 30.912123], [121.306808, 30.910212], [121.313829, 30.910717], [121.314608, 30.909143], [121.320127, 30.91109], [121.321518, 30.908986], [121.325939, 30.908962], [121.327635, 30.91014], [121.331097, 30.907508], [121.334657, 30.907737], [121.336631, 30.906739], [121.340162, 30.908554], [121.343819, 30.909119], [121.347573, 30.913145], [121.350604, 30.911402], [121.351814, 30.913217], [121.355081, 30.916341], [121.356054, 30.919742], [121.355373, 30.921388], [121.352161, 30.923803], [121.352203, 30.928213], [121.35116, 30.930628], [121.355679, 30.932058], [121.354706, 30.933512], [121.357361, 30.933632], [121.359336, 30.935086], [121.362658, 30.934761], [121.362408, 30.939122], [121.361129, 30.944048], [121.363868, 30.945165], [121.365467, 30.947232], [121.362478, 30.948901], [121.362255, 30.9517], [121.363117, 30.956109], [121.362853, 30.959544], [121.36099, 30.965574], [121.361435, 30.970438], [121.359961, 30.976251], [121.35871, 30.97786], [121.351258, 30.975986], [121.34375, 30.976599], [121.334406, 30.980694], [121.329554, 30.981318], [121.327371, 30.980658], [121.3258, 30.9833], [121.326898, 30.989964], [121.326773, 30.994479], [121.327482, 30.995896], [121.330347, 30.996905], [121.33823, 31.006197], [121.339829, 31.010267], [121.34425, 31.013941], [121.34279, 31.014817], [121.339898, 31.013857], [121.333072, 31.01334], [121.333725, 31.015657], [121.333892, 31.026917], [121.333308, 31.030686], [121.334017, 31.031922], [121.33367, 31.040695], [121.335102, 31.04564], [121.335338, 31.060435], [121.341456, 31.062763], [121.343444, 31.059139], [121.35344, 31.061287], [121.358195, 31.064047], [121.357278, 31.066758], [121.363743, 31.068354], [121.364424, 31.069878], [121.362116, 31.072601], [121.364341, 31.073705], [121.365481, 31.077892], [121.368804, 31.079127], [121.370625, 31.078372], [121.372016, 31.079871], [121.368289, 31.088976], [121.362756, 31.099771], [121.359085, 31.098931], [121.35839, 31.100791], [121.351341, 31.099255], [121.348532, 31.106655], [121.351675, 31.107735], [121.352217, 31.106487], [121.357014, 31.110529], [121.356026, 31.112532], [121.353774, 31.111512], [121.35066, 31.115554], [121.353065, 31.117604], [121.349589, 31.117748], [121.346753, 31.121657], [121.347545, 31.121969], [121.34489, 31.12577], [121.346002, 31.126202], [121.344014, 31.129451], [121.344681, 31.130338], [121.342095, 31.134655], [121.33677, 31.138971], [121.338814, 31.14017], [121.336728, 31.14355], [121.335477, 31.143862], [121.333711, 31.148765], [121.331292, 31.149772], [121.331528, 31.15205], [121.328775, 31.156665], [121.327218, 31.156856], [121.323854, 31.162933]]]]}}, {"type": "Feature", "properties": {"adcode": 310118, "name": "青浦区", "center": [121.113021, 31.151209], "centroid": [121.085188, 31.124681], "childrenNum": 0, "level": "district", "parent": {"adcode": 310000}, "subFeatureIndex": 13, "acroutes": [100000, 310000]}, "geometry": {"type": "MultiPolygon", "coordinates": [[[[121.153743, 31.276646], [121.150392, 31.275437], [121.142996, 31.275473], [121.142885, 31.277664], [121.141161, 31.276742], [121.137601, 31.277592], [121.138032, 31.278753], [121.131678, 31.281363], [121.131053, 31.280106], [121.127215, 31.281207], [121.124323, 31.283111], [121.125018, 31.284404], [121.120361, 31.286151], [121.11929, 31.285122], [121.114994, 31.285265], [121.111115, 31.281746], [121.106666, 31.276706], [121.103829, 31.27533], [121.105442, 31.273654], [121.09881, 31.276251], [121.095404, 31.287001], [121.093096, 31.28821], [121.090134, 31.291909], [121.086909, 31.291717], [121.087326, 31.290664], [121.084698, 31.2876], [121.081361, 31.277257], [121.084545, 31.275713], [121.082154, 31.271535], [121.080416, 31.270158], [121.072741, 31.26914], [121.068695, 31.268098], [121.063245, 31.267907], [121.061952, 31.257945], [121.060979, 31.246486], [121.057669, 31.246749], [121.061646, 31.24524], [121.064343, 31.246138], [121.063565, 31.242222], [121.063898, 31.238438], [121.061243, 31.237827], [121.062605, 31.234689], [121.06458, 31.232965], [121.067388, 31.232929], [121.06718, 31.230917], [121.064649, 31.230785], [121.064719, 31.227275], [121.0628, 31.226964], [121.062633, 31.224664], [121.065608, 31.211871], [121.067805, 31.201005], [121.069209, 31.196524], [121.066609, 31.197183], [121.06679, 31.194966], [121.069599, 31.195314], [121.070113, 31.193612], [121.072185, 31.193169], [121.07256, 31.191527], [121.070614, 31.1913], [121.07035, 31.188735], [121.071684, 31.185955], [121.068751, 31.184889], [121.069474, 31.182888], [121.074993, 31.184386], [121.075591, 31.182852], [121.071225, 31.181462], [121.071406, 31.179472], [121.074229, 31.176225], [121.075424, 31.173444], [121.072532, 31.172701], [121.072379, 31.169609], [121.075466, 31.170316], [121.077371, 31.16454], [121.07313, 31.163257], [121.0737, 31.161711], [121.076787, 31.162622], [121.07605, 31.160536], [121.077023, 31.158451], [121.073839, 31.157072], [121.072046, 31.153512], [121.067777, 31.152289], [121.069126, 31.148705], [121.06572, 31.148597], [121.066067, 31.150947], [121.064135, 31.150839], [121.062564, 31.153129], [121.057378, 31.152781], [121.055834, 31.150659], [121.050273, 31.150719], [121.049133, 31.154615], [121.04542, 31.154028], [121.045254, 31.151582], [121.041472, 31.14982], [121.041541, 31.146931], [121.044781, 31.145528], [121.041819, 31.138899], [121.038649, 31.136909], [121.036258, 31.137376], [121.036119, 31.140325], [121.033088, 31.142208], [121.028778, 31.141249], [121.028375, 31.143874], [121.02672, 31.143766], [121.025677, 31.140769], [121.022271, 31.140457], [121.022813, 31.138311], [121.018489, 31.134103], [121.007269, 31.13342], [120.991252, 31.13318], [120.983911, 31.131705], [120.952642, 31.138251], [120.93034, 31.141404], [120.916923, 31.136189], [120.905397, 31.134211], [120.89921, 31.136057], [120.881289, 31.134727], [120.876422, 31.131489], [120.872349, 31.127161], [120.871014, 31.123804], [120.870597, 31.119715], [120.865967, 31.11475], [120.862241, 31.112508], [120.860225, 31.10933], [120.857917, 31.108526], [120.856804, 31.102829], [120.859766, 31.100287], [120.863993, 31.100299], [120.865744, 31.097624], [120.869582, 31.097216], [120.869818, 31.098943], [120.872543, 31.098884], [120.873169, 31.100323], [120.876631, 31.099939], [120.876005, 31.097864], [120.878967, 31.09838], [120.878077, 31.095753], [120.887476, 31.094074], [120.891021, 31.094302], [120.891216, 31.09718], [120.892842, 31.096533], [120.892175, 31.094194], [120.895415, 31.090703], [120.896694, 31.086649], [120.899294, 31.086937], [120.902116, 31.085653], [120.901671, 31.084094], [120.90473, 31.080495], [120.904619, 31.078528], [120.899614, 31.07836], [120.898863, 31.070514], [120.895915, 31.063075], [120.894622, 31.058659], [120.894567, 31.053896], [120.895442, 31.050332], [120.897208, 31.04822], [120.897027, 31.04558], [120.899739, 31.039603], [120.901977, 31.037647], [120.901338, 31.0255], [120.900559, 31.020423], [120.901365, 31.017494], [120.910055, 31.016942], [120.909944, 31.012644], [120.911014, 31.010555], [120.918105, 31.012788], [120.926155, 31.010423], [120.92699, 31.012068], [120.931383, 31.01178], [120.933789, 31.010027], [120.938085, 31.009007], [120.940087, 31.010027], [120.935749, 31.015381], [120.936305, 31.01711], [120.949972, 31.017638], [120.951168, 31.024012], [120.948735, 31.025068], [120.949124, 31.029953], [120.951085, 31.029077], [120.952197, 31.030254], [120.958301, 31.028573], [120.960483, 31.021659], [120.964293, 31.020771], [120.964849, 31.019751], [120.963209, 31.016594], [120.970202, 31.016149], [120.982993, 31.016089], [120.983855, 31.014445], [120.989514, 31.014397], [120.989987, 31.010495], [120.991933, 31.008154], [120.991057, 31.00747], [120.992086, 31.003424], [120.992045, 30.997109], [120.989834, 30.996664], [120.990515, 30.994551], [120.994839, 30.99526], [120.994603, 30.991922], [120.997133, 30.989232], [120.999344, 30.980106], [121.000832, 30.980466], [121.002361, 30.97762], [121.000567, 30.977007], [121.000512, 30.973933], [120.99737, 30.972444], [120.993143, 30.972119], [120.991433, 30.968372], [120.993699, 30.964024], [120.992601, 30.962835], [120.994756, 30.958703], [120.991683, 30.958211], [120.992531, 30.955028], [120.994797, 30.954824], [120.995368, 30.950367], [120.99673, 30.950307], [121.002055, 30.95104], [121.002653, 30.947015], [121.00763, 30.947628], [121.010175, 30.950727], [121.015361, 30.948169], [121.013345, 30.946811], [121.011079, 30.947184], [121.011607, 30.943604], [121.013831, 30.944168], [121.015291, 30.940288], [121.017697, 30.939219], [121.016932, 30.941333], [121.019462, 30.941165], [121.028041, 30.94394], [121.027902, 30.945826], [121.033213, 30.947111], [121.034659, 30.952974], [121.036258, 30.957094], [121.040401, 30.956493], [121.043516, 30.957514], [121.042626, 30.960433], [121.045949, 30.963448], [121.043112, 30.969429], [121.0467, 30.970246], [121.047409, 30.969033], [121.051024, 30.969369], [121.053262, 30.964445], [121.05735, 30.965346], [121.056891, 30.96191], [121.059505, 30.959184], [121.060339, 30.956517], [121.065344, 30.95516], [121.07231, 30.955088], [121.076495, 30.955809], [121.076634, 30.957574], [121.079109, 30.958283], [121.078539, 30.960025], [121.080736, 30.960181], [121.081236, 30.962283], [121.088174, 30.962151], [121.088035, 30.964168], [121.093555, 30.964673], [121.097489, 30.965634], [121.095779, 30.968408], [121.095557, 30.974245], [121.099172, 30.973068], [121.099686, 30.980994], [121.099227, 30.981979], [121.100145, 30.994935], [121.104107, 30.99508], [121.104205, 31.007998], [121.10205, 31.011756], [121.093026, 31.020207], [121.085532, 31.0255], [121.089509, 31.027901], [121.091177, 31.025933], [121.096405, 31.026437], [121.096975, 31.031454], [121.099936, 31.031202], [121.100284, 31.03341], [121.097767, 31.038871], [121.095863, 31.040479], [121.09311, 31.040719], [121.09621, 31.044812], [121.090259, 31.048136], [121.089926, 31.05194], [121.087159, 31.052948], [121.085866, 31.050224], [121.082404, 31.054208], [121.080972, 31.056896], [121.08442, 31.058779], [121.086519, 31.061167], [121.085935, 31.062847], [121.088202, 31.064671], [121.092929, 31.064539], [121.094542, 31.061899], [121.093012, 31.058443], [121.094639, 31.056332], [121.098337, 31.05662], [121.101146, 31.053644], [121.101813, 31.05728], [121.10839, 31.057939], [121.10864, 31.05662], [121.118206, 31.056068], [121.117997, 31.058407], [121.120708, 31.057268], [121.12588, 31.057376], [121.127757, 31.059751], [121.126395, 31.059811], [121.126228, 31.06665], [121.122238, 31.067178], [121.121543, 31.07019], [121.118386, 31.075948], [121.117121, 31.075624], [121.112603, 31.077628], [121.107264, 31.082115], [121.102912, 31.080219], [121.100687, 31.080939], [121.099408, 31.085941], [121.10084, 31.088688], [121.097601, 31.093534], [121.099519, 31.094158], [121.099853, 31.096593], [121.097976, 31.099339], [121.100618, 31.098428], [121.103843, 31.100539], [121.103551, 31.102638], [121.108751, 31.107159], [121.112589, 31.111932], [121.114368, 31.109797], [121.11612, 31.110973], [121.117733, 31.108874], [121.120959, 31.107747], [121.125505, 31.103369], [121.127688, 31.103309], [121.130691, 31.100527], [121.131942, 31.10205], [121.133319, 31.099075], [121.135766, 31.09808], [121.141605, 31.09868], [121.141897, 31.096893], [121.144483, 31.097456], [121.14586, 31.093954], [121.149461, 31.095297], [121.151157, 31.091651], [121.152867, 31.092035], [121.153465, 31.09014], [121.155161, 31.090475], [121.155384, 31.093162], [121.156733, 31.09315], [121.156788, 31.098943], [121.154341, 31.098884], [121.154397, 31.101846], [121.159569, 31.100539], [121.165492, 31.101438], [121.1652, 31.104269], [121.166799, 31.104293], [121.166451, 31.10831], [121.170567, 31.107819], [121.170497, 31.109054], [121.174487, 31.108538], [121.172986, 31.114091], [121.17521, 31.115242], [121.174321, 31.117868], [121.17642, 31.119007], [121.178839, 31.117149], [121.183817, 31.118695], [121.183858, 31.124295], [121.181815, 31.124295], [121.181842, 31.126957], [121.180341, 31.127425], [121.179868, 31.131873], [121.181662, 31.131777], [121.181968, 31.143478], [121.194717, 31.138179], [121.199653, 31.139582], [121.201627, 31.140937], [121.200348, 31.137832], [121.206174, 31.138299], [121.208287, 31.135686], [121.22055, 31.138383], [121.227988, 31.139091], [121.226765, 31.134139], [121.223581, 31.126442], [121.221732, 31.119931], [121.221301, 31.115074], [121.224095, 31.115146], [121.233884, 31.117316], [121.235816, 31.118959], [121.236831, 31.125698], [121.239848, 31.126238], [121.244534, 31.125398], [121.245326, 31.129295], [121.239348, 31.129955], [121.245479, 31.130758], [121.246995, 31.134163], [121.25378, 31.13264], [121.258048, 31.132353], [121.257965, 31.127077], [121.261607, 31.127173], [121.26062, 31.132269], [121.263623, 31.135422], [121.26557, 31.134787], [121.265737, 31.136393], [121.280989, 31.133252], [121.287482, 31.139954], [121.284173, 31.142627], [121.281781, 31.142016], [121.279293, 31.145708], [121.277012, 31.144174], [121.276415, 31.145852], [121.278723, 31.14825], [121.277763, 31.152265], [121.28028, 31.150539], [121.283825, 31.150839], [121.28313, 31.152158], [121.285438, 31.153452], [121.287134, 31.152313], [121.295435, 31.15392], [121.301441, 31.15549], [121.316221, 31.160189], [121.318056, 31.157564], [121.320934, 31.158487], [121.322491, 31.162394], [121.323854, 31.162933], [121.318584, 31.170256], [121.318042, 31.173624], [121.316304, 31.176836], [121.310784, 31.18423], [121.30856, 31.188388], [121.300565, 31.197027], [121.297506, 31.201412], [121.294837, 31.203077], [121.292431, 31.202514], [121.292126, 31.200621], [121.287329, 31.196332], [121.284034, 31.194391], [121.277388, 31.193576], [121.271701, 31.198309], [121.266724, 31.203257], [121.264777, 31.203317], [121.263053, 31.205701], [121.26468, 31.206731], [121.263846, 31.208912], [121.259397, 31.212769], [121.261218, 31.215081], [121.259675, 31.218148], [121.25745, 31.220208], [121.258215, 31.222772], [121.256588, 31.226329], [121.258006, 31.226868], [121.257158, 31.230701], [121.254155, 31.23312], [121.252792, 31.236965], [121.251082, 31.238198], [121.249692, 31.236534], [121.247912, 31.240917], [121.241391, 31.240222], [121.239932, 31.241061], [121.241683, 31.247348], [121.24591, 31.248821], [121.247314, 31.253287], [121.254183, 31.258688], [121.246758, 31.258448], [121.246577, 31.259801], [121.242253, 31.25937], [121.237693, 31.262088], [121.235177, 31.262699], [121.229087, 31.262711], [121.229198, 31.261717], [121.223539, 31.260532], [121.223859, 31.259035], [121.220216, 31.257406], [121.221273, 31.256293], [121.214182, 31.254353], [121.212625, 31.259837], [121.209761, 31.260831], [121.209816, 31.258017], [121.208482, 31.25749], [121.206368, 31.260065], [121.202865, 31.257131], [121.203143, 31.255814], [121.199848, 31.255239], [121.19608, 31.253395], [121.19626, 31.251228], [121.193368, 31.251455], [121.193021, 31.253623], [121.188377, 31.25476], [121.186444, 31.252329], [121.183928, 31.252246], [121.181537, 31.254413], [121.17934, 31.253419], [121.178798, 31.255862], [121.176768, 31.254605], [121.174251, 31.256856], [121.171415, 31.254928], [121.16894, 31.256197], [121.170386, 31.259119], [121.168036, 31.259622], [121.167661, 31.263944], [121.162614, 31.269176], [121.161057, 31.26762], [121.157845, 31.270541], [121.155537, 31.266147], [121.151783, 31.267632], [121.153924, 31.272061], [121.153743, 31.276646]]]]}}, {"type": "Feature", "properties": {"adcode": 310120, "name": "奉贤区", "center": [121.458472, 30.912345], "centroid": [121.56251, 30.897998], "childrenNum": 0, "level": "district", "parent": {"adcode": 310000}, "subFeatureIndex": 14, "acroutes": [100000, 310000]}, "geometry": {"type": "MultiPolygon", "coordinates": [[[[121.570475, 30.998345], [121.561494, 30.995644], [121.555918, 30.995152], [121.556224, 30.993374], [121.553304, 30.993026], [121.55279, 30.98886], [121.549537, 30.988307], [121.54613, 30.99305], [121.543294, 30.994203], [121.538233, 30.993146], [121.537774, 30.994683], [121.534507, 30.995848], [121.531962, 30.994815], [121.528612, 30.99592], [121.522897, 30.99981], [121.520325, 30.999354], [121.520089, 31.00256], [121.522105, 31.002199], [121.520853, 31.004445], [121.517002, 31.007626], [121.510412, 31.004553], [121.507881, 31.004745], [121.503057, 31.002716], [121.49883, 30.999426], [121.498872, 30.998213], [121.495924, 30.998297], [121.491948, 31.010039], [121.492879, 31.012752], [121.489153, 31.014949], [121.485872, 31.014073], [121.476362, 31.01334], [121.47144, 31.011948], [121.465587, 31.008755], [121.459942, 31.007398], [121.448305, 31.007458], [121.440811, 31.005789], [121.436834, 31.00406], [121.433636, 31.001779], [121.431426, 30.999174], [121.423973, 30.994515], [121.413184, 30.991069], [121.409333, 30.990229], [121.394261, 30.988247], [121.375227, 30.982832], [121.35871, 30.97786], [121.359961, 30.976251], [121.361435, 30.970438], [121.36099, 30.965574], [121.362853, 30.959544], [121.363117, 30.956109], [121.362255, 30.9517], [121.362478, 30.948901], [121.365467, 30.947232], [121.363868, 30.945165], [121.361129, 30.944048], [121.362408, 30.939122], [121.362658, 30.934761], [121.359336, 30.935086], [121.357361, 30.933632], [121.354706, 30.933512], [121.355679, 30.932058], [121.35116, 30.930628], [121.352203, 30.928213], [121.352161, 30.923803], [121.355373, 30.921388], [121.356054, 30.919742], [121.355081, 30.916341], [121.351814, 30.913217], [121.35668, 30.908614], [121.358418, 30.900598], [121.360476, 30.897785], [121.361185, 30.892977], [121.36327, 30.886955], [121.367233, 30.886667], [121.370166, 30.883914], [121.371751, 30.883698], [121.377535, 30.879983], [121.382207, 30.878961], [121.381498, 30.876605], [121.382791, 30.874489], [121.38286, 30.869043], [121.381873, 30.867324], [121.381929, 30.863765], [121.384001, 30.863488], [121.383472, 30.859232], [121.384376, 30.856238], [121.383722, 30.851765], [121.384918, 30.848073], [121.385446, 30.843178], [121.379065, 30.843238], [121.379259, 30.840112], [121.383764, 30.833906], [121.387588, 30.832799], [121.387588, 30.829864], [121.391717, 30.829913], [121.392051, 30.82782], [121.396986, 30.827988], [121.397376, 30.833292], [121.399712, 30.834182], [121.404202, 30.833797], [121.403632, 30.829877], [121.400685, 30.830105], [121.400991, 30.827399], [121.404786, 30.823081], [121.41235, 30.821505], [121.414171, 30.821757], [121.41552, 30.819941], [121.415131, 30.815803], [121.419288, 30.81602], [121.420525, 30.819797], [121.425989, 30.81869], [121.437029, 30.818101], [121.441645, 30.806829], [121.445427, 30.804868], [121.44672, 30.805577], [121.451711, 30.798323], [121.465072, 30.776483], [121.478767, 30.756347], [121.517197, 30.775387], [121.552832, 30.789395], [121.601327, 30.805084], [121.648419, 30.8162], [121.68119, 30.818401], [121.727071, 30.817716], [121.77914, 30.817222], [121.793767, 30.816862], [121.769338, 30.85043], [121.768143, 30.863272], [121.771605, 30.875427], [121.772481, 30.875703], [121.773134, 30.880596], [121.776679, 30.881005], [121.776012, 30.886426], [121.778807, 30.894588], [121.778987, 30.899468], [121.778334, 30.903807], [121.77896, 30.910116], [121.780239, 30.911811], [121.781115, 30.917567], [121.777653, 30.926723], [121.777806, 30.931025], [121.77337, 30.931553], [121.773023, 30.933932], [121.769769, 30.935278], [121.76799, 30.93833], [121.766432, 30.936539], [121.763846, 30.936852], [121.764277, 30.938522], [121.761469, 30.938414], [121.761677, 30.940132], [121.764542, 30.941766], [121.760927, 30.944613], [121.761024, 30.947604], [121.759286, 30.949154], [121.751987, 30.952721], [121.749234, 30.953046], [121.747857, 30.951893], [121.743742, 30.956589], [121.739988, 30.956721], [121.73686, 30.958703], [121.737916, 30.960637], [121.733954, 30.964469], [121.73191, 30.967784], [121.712792, 30.980934], [121.705507, 30.984981], [121.699459, 30.987419], [121.69298, 30.98934], [121.688086, 30.990145], [121.683595, 30.989808], [121.674558, 30.991802], [121.673348, 30.989832], [121.669525, 30.991609], [121.663115, 30.992714], [121.654536, 30.993254], [121.646695, 30.99335], [121.62057, 30.992678], [121.61772, 30.995692], [121.614717, 31.001251], [121.604066, 31.001131], [121.595585, 31.002043], [121.594682, 31.000699], [121.584309, 31.000819], [121.582933, 30.999498], [121.576746, 30.999474], [121.570475, 30.998345]]]]}}, {"type": "Feature", "properties": {"adcode": 310151, "name": "崇明区", "center": [121.397516, 31.626946], "centroid": [121.568484, 31.635916], "childrenNum": 0, "level": "district", "parent": {"adcode": 310000}, "subFeatureIndex": 15, "acroutes": [100000, 310000]}, "geometry": {"type": "MultiPolygon", "coordinates": [[[[121.975181, 31.617034], [121.887616, 31.63638], [121.817806, 31.652025], [121.715267, 31.673842], [121.642649, 31.697454], [121.633278, 31.696167], [121.627341, 31.697776], [121.611755, 31.704283], [121.602746, 31.70694], [121.60091, 31.707], [121.599659, 31.703115], [121.593249, 31.705379], [121.592262, 31.706487], [121.578539, 31.710527], [121.565025, 31.716711], [121.551386, 31.727386], [121.549509, 31.726969], [121.540124, 31.733307], [121.539429, 31.735499], [121.528361, 31.738347], [121.526693, 31.740217], [121.514986, 31.742873], [121.51304, 31.743695], [121.498566, 31.75326], [121.487749, 31.753415], [121.476807, 31.756142], [121.464141, 31.757142], [121.455576, 31.759346], [121.449751, 31.761668], [121.445385, 31.7643], [121.431481, 31.769266], [121.425781, 31.774267], [121.420915, 31.779602], [121.410904, 31.79558], [121.416312, 31.79764], [121.411488, 31.806341], [121.405468, 31.809841], [121.399142, 31.817483], [121.395388, 31.821291], [121.385043, 31.833525], [121.376381, 31.838571], [121.369291, 31.843283], [121.323061, 31.868529], [121.315859, 31.871479], [121.310367, 31.872502], [121.3019, 31.872716], [121.291166, 31.870992], [121.281336, 31.869041], [121.265584, 31.864128], [121.252111, 31.857727], [121.242073, 31.853397], [121.225305, 31.847043], [121.200334, 31.835144], [121.181509, 31.820411], [121.149225, 31.787294], [121.118498, 31.759084], [121.142064, 31.755308], [121.145332, 31.753927], [121.179868, 31.720774], [121.289109, 31.616283], [121.345585, 31.571685], [121.37221, 31.55321], [121.395457, 31.585444], [121.403521, 31.590002], [121.414797, 31.591076], [121.43422, 31.590336], [121.471176, 31.57443], [121.547673, 31.531125], [121.608794, 31.50691], [121.617678, 31.503673], [121.625784, 31.501775], [121.638645, 31.49972], [121.670609, 31.494214], [121.682858, 31.491061], [121.72988, 31.471973], [121.763443, 31.458233], [121.819183, 31.438206], [121.834212, 31.433975], [121.845377, 31.431895], [121.857807, 31.430043], [121.87299, 31.429338], [121.882096, 31.428656], [121.89055, 31.428788], [121.901144, 31.430126], [121.918051, 31.434692], [121.934304, 31.442364], [121.967284, 31.456656], [121.981813, 31.4641], [121.991698, 31.476763], [121.995716, 31.493104], [121.993867, 31.51189], [121.98825, 31.529597], [121.975181, 31.617034]]], [[[121.778862, 31.310196], [121.785494, 31.311058], [121.791042, 31.308353], [121.796701, 31.30736], [121.798772, 31.310352], [121.795866, 31.329976], [121.796478, 31.33542], [121.796005, 31.345624], [121.793002, 31.355074], [121.792377, 31.363304], [121.790875, 31.367059], [121.787886, 31.37164], [121.780572, 31.380154], [121.774135, 31.386982], [121.76938, 31.390749], [121.760857, 31.395185], [121.753725, 31.400362], [121.742185, 31.407212], [121.737485, 31.408814], [121.729296, 31.410356], [121.723707, 31.412364], [121.708316, 31.419728], [121.697193, 31.423995], [121.688294, 31.425883], [121.673835, 31.427748], [121.621752, 31.444145], [121.606319, 31.449403], [121.599812, 31.450681], [121.585561, 31.454672], [121.58303, 31.456262], [121.575828, 31.463813], [121.572811, 31.469452], [121.567347, 31.4835], [121.562356, 31.486367], [121.549926, 31.489747], [121.521132, 31.493976], [121.516933, 31.494298], [121.513457, 31.493355], [121.509355, 31.489795], [121.509105, 31.485352], [121.510134, 31.482581], [121.516849, 31.477313], [121.529515, 31.471172], [121.537413, 31.466704], [121.54328, 31.462403], [121.549773, 31.457062], [121.558463, 31.448793], [121.572255, 31.436066], [121.590371, 31.427545], [121.601425, 31.421855], [121.641036, 31.401115], [121.686682, 31.376591], [121.727933, 31.354799], [121.740766, 31.346486], [121.744659, 31.343675], [121.751166, 31.337801], [121.76076, 31.320344], [121.76425, 31.315306], [121.770951, 31.31168], [121.778862, 31.310196]]], [[[122.242018, 31.419082], [122.243562, 31.417839], [122.247149, 31.419333], [122.245369, 31.421318], [122.242018, 31.419082]]], [[[121.801775, 31.356976], [121.802693, 31.342789], [121.803152, 31.332106], [121.80375, 31.328445], [121.806642, 31.324173], [121.81319, 31.316228], [121.822617, 31.307372], [121.832043, 31.301711], [121.833601, 31.299653], [121.840566, 31.29544], [121.852885, 31.292364], [121.856681, 31.292818], [121.860782, 31.294949], [121.865968, 31.294937], [121.88959, 31.292028], [121.900755, 31.291167], [121.932261, 31.283147], [121.975779, 31.279998], [122.016447, 31.282285], [122.072005, 31.266829], [122.087285, 31.257538], [122.097769, 31.255658], [122.105207, 31.262136], [122.122684, 31.307205], [122.121975, 31.315438], [122.116678, 31.321229], [122.078012, 31.323527], [122.04107, 31.323814], [122.001556, 31.329246], [121.951726, 31.337274], [121.913074, 31.350445], [121.870376, 31.366007], [121.858516, 31.369379], [121.852885, 31.371376], [121.845586, 31.374582], [121.831752, 31.375526], [121.828401, 31.376447], [121.824744, 31.378588], [121.817445, 31.380585], [121.803458, 31.381219], [121.796756, 31.381075], [121.793864, 31.380477], [121.792808, 31.377571], [121.797674, 31.369642], [121.800566, 31.363997], [121.801775, 31.356976]]], [[[121.627049, 31.444993], [121.631512, 31.445101], [121.634001, 31.445937], [121.636295, 31.449881], [121.635044, 31.452988], [121.631609, 31.456823], [121.625172, 31.462212], [121.61366, 31.471339], [121.608571, 31.474446], [121.602134, 31.476835], [121.595293, 31.478292], [121.586896, 31.479535], [121.577149, 31.479343], [121.575814, 31.478197], [121.57612, 31.474768], [121.577886, 31.472486], [121.58627, 31.464076], [121.594153, 31.458568], [121.613855, 31.447885], [121.616872, 31.446643], [121.627049, 31.444993]]]]}}]}